STRAP-IML,nom_en,nom_fr,verbatimIdentification,aphiaID,scientificName,aphiaID_corr,lifeStage,Occurrences_2004-2022,taxonRank,occurenceRemarks,identificationRemarks,taxonomicRemarks,note_CN,name_sugg,STRAP-IML_sugg
1,Vertebrates (Vertebrata),Vertébrés (Vertebrata),Vertebrata,146419,Actinopteri,843664,,10,Class,,unknown bony fishes,,poissons osseux inconnu,Actinopteri,1
13,mud hagfish,myxine de vase,Myxine limosa,271309,Myxine limosa,271309,,1794,Species,,,,était Myxine glutinosa (Europe),Myxine limosa,13
15,Sea Lamprey,Lamproie marine,Petromyzon marinus,101174,Petromyzon marinus,101174,,5,Species,,,,pélagique - rare,Petromyzon marinus,15
20,Greenland Shark,Laimargue atlantique,Somniosus microcephalus,105919,Somniosus microcephalus,105919,,2,Species,,,,1 autre en photos,Somniosus microcephalus,20
24,Spiny Dogfish,Aiguillat commun,Squalus acanthias,105923,Squalus acanthias,105923,,13,Species,,,,pélagique - rare,Squalus acanthias,24
27,Black Dogfish,Aiguillat noir,Centroscyllium fabricii,105906,Centroscyllium fabricii,105906,,421,Species,,,,,Centroscyllium fabricii,27
80,Skate (Rajiformes),Raie (Rajiformes),Rajiformes,10216,Rajiformes,10216,,10,Order,not likely to be used,,,"était des Rajidae pas confirmé en 2004, n'est plus utile",Rajiformes,80
88,Skate (Rajidae),Raie (Rajidae),Rajidae,105711,Rajidae,105711,,1,Family,incertain,,,photo ou pas fiable,Rajidae,88
90,Thorny Skate,Raie épineuse,Amblyraja radiata,105865,Amblyraja radiata,105865,,2579,Species,,,,,Amblyraja radiata,90
91,Smooth Skate,Raie lisse (à queue de velours),Malacoraja senta,158554,Malacoraja senta,158554,,2032,Species,,,,,Malacoraja senta,91
94,Round Skate,Raie ronde,Rajella fyllae,105894,Rajella fyllae,105894,,19,Species,,,,photo et faire sp ou pas fiable,Rajella fyllae,94
100,Winter Skate,Raie tachetée,Leucoraja ocellata,158553,Leucoraja ocellata,158553,,4,Species,2 kinds in region: small and large,often confused with other skate species,,photo et faire sp ou pas fiable,Leucoraja ocellata,100
102,Spinytail Skate,Raie à queue épineuse,Bathyraja spinicauda,105868,Bathyraja spinicauda,105868,,56,Species,,,,,Bathyraja spinicauda,102
150,Atlantic Herring,Hareng atlantique,Clupea harengus,126417,Clupea harengus,126417,,1747,Species,,,,,Clupea harengus,150
152,American Shad,Alose savoureuse,Alosa sapidissima,158670,Alosa sapidissima,158670,,2,Species,juvveniles,,,photo ou pas fiable,Alosa sapidissima,152
168,Bluntsnout Smoothhead,Gymnaste atlantique,Xenodermichthys copei,126714,Xenodermichthys copei,126714,,5,Species,,,,photo ou pas fiable,Xenodermichthys copei,168
187,Capelin (M. villosus),Capelan (M. villosus),Mallotus villosus,126735,Mallotus villosus,126735,,1892,Species,,,,,Mallotus villosus,187
188,Rainbow Smelt,Éperlan arc-en-ciel,Osmerus mordax,126737,Osmerus mordax,126737,,2,Species,,,,photo ou pas fiable,Osmerus mordax,188
193,Atlantic Argentine,Grande argentine,Argentina silus,126715,Argentina silus,126715,,165,Species,,,,,Argentina silus,193
202,Goitre Blacksmelt,Garcette-goitre,Bathylagus euryops,126719,Bathylagus euryops,126719,,1,Species,,,,photo ou pas fiable,Bathylagus euryops,202
205,Bristlemouths  (Gonostomatidae),Cyclothones (Gonostomatidae),Gonostomatidae,125601,Gonostomatidae,125601,,37,Family,likely errors,,,"erreurs en passé, sont tous code 208 ou 278 (PAS Gonostomatidae)",Gonostomatidae,205
208,Veiled Anglemouth,Cyclothone à petites dents,Cyclothone microdon,127286,Cyclothone microdon,127286,,58,Species,,,,photo ou pas fiable,Cyclothone microdon,208
214,Mueller's Pearlside,Margerite perlée,Maurolicus muelleri,127312,Maurolicus muelleri,127312,,2,Species,,,,photo ou pas fiable,Maurolicus muelleri,214
220,Hatchetfishes (Sternoptychidae),Haches (Sternoptychidae),Sternoptychidae,125603,Sternoptychidae,125603,,4,Family,,,,photo ou pas fiable,Sternoptychidae,220
222,Slope Hachetfish (P. clarus),Hache (P. clarus),Polyipnus clarus,158840,Polyipnus clarus,158840,,30,Species,,,,photo ou pas fiable,Polyipnus clarus,222
225,Greater Silver Hatchetfish,Grande hache d'argent,Argyropelecus gigas,127308,Argyropelecus gigas,127308,,5,Species,,,,photo ou pas fiable,Argyropelecus gigas,225
227,Sloane's Viperfish,Chauliode très lumineux,Chauliodus sloani,127338,Chauliodus sloani,127338,,9,Species,,,,photo ou pas fiable,Chauliodus sloani,227
230,Boa Dragonfish,Dragon-boa,Stomias boa boa,234601,Stomias boa,127374,,7,Species,Stomias boa ferox in North Atlantic,,,"est Stomias boa ferox, pas Stomias boa boa ici",Stomias boa ferox,236
234,Straightline Dragonfish,Dragon-saumon à grands yeux,Borostomias antarcticus,127334,Borostomias antarcticus,127334,,1,Species,,,,photo ou pas fiable,Borostomias antarcticus,234
244,Ligthfishes (P. thaeocoryla),Poisson lumineux (P. thaeocoryla),Polymetme thaeocoryla,127301,Polymetme thaeocoryla,127301,,5,Species,,,,photo ou pas fiable,Polymetme thaeocoryla,244
271,Deepwater Fishes,Poissons des profondeurs,Myctophiformes,10309,Myctophiformes,10309,,17,Order,,placeholder name for Notoscopelus kroyeri,,photo et faire Notoscopelus kroyeri ou Lampanyctinae,Myctophiformes,271
272,Lanternfishes (Myctophidae),Poissons-lanterne (Myctophidae),Myctophidae,125498,Myctophidae,125498,,296,Family,placeholder for some kinds,,,photo et conserve ou Myctophinae,Myctophidae,272
273,Common Lanternfish (Notoscopelus sp.),Lanterne (Notoscopelus sp.),Notoscopelus sp.,125831,Notoscopelus,125831,,9,Genus,expect 1 species,often confused with others,,photo et faire sp, , 
275,Kroyer's Lanternfish,Lanterne-voilière nordique,Notoscopelus kroyeri,272728,Notoscopelus kroyeri,272728,,63,Species,,,,photo ou pas fiable,Notoscopelus kroyeri,275
278,Glowingfish,Lanterne à grandes écailles,Neoscopelus macrolepidotus,126634,Neoscopelus macrolepidotus,126634,,28,Species,,,,photo ou pas fiable,Neoscopelus macrolepidotus,278
281,Spotted Lanternfish,Lanterne ponctuée,Myctophum punctatum,126627,Myctophum punctatum,126627,,3,Species,,,,photo et conserve ou Myctophinae,Myctophum punctatum,281
285,Mirror Lanternfish,Lanterne-miroir,Lampadena speculigera,126608,Lampadena speculigera,126608,,7,Species,,,,photo ou pas fiable,Lampadena speculigera,285
290,Glacier Lanternfish,Lanterne glacière,Benthosema glaciale,126580,Benthosema glaciale,126580,,41,Species,,,,photo et conserve ou Myctophinae,Benthosema glaciale,290
304,Lightless Loosejaw,Drague sans lampe,Malacosteus niger,127358,Malacosteus niger,127358,,2,Species,,,,,Malacosteus niger,304
320,White Barracudina,Lussion blanc,Arctozenus risso,126352,Arctozenus risso,126352,,1749,Species,,,,,Arctozenus risso,320
368,Atlantic Snipe Eel,Avocette ruban,Nemichthys scolopaceus,126306,Nemichthys scolopaceus,126306,,19,Species,,,,,Nemichthys scolopaceus,368
369,Stout Sawpalate,Serrivomer trapu,Serrivomer beanii,126319,Serrivomer beanii,126319,,6,Species,,,,,Serrivomer beanii,369
373,Northern Cutthroat Eel,Anguille égorgée bécuée,Synaphobranchus kaupii,126328,Synaphobranchus kaupii,126328,,15,Species,,,,,Synaphobranchus kaupii,373
398,Atlantic Saury (S. saurus),Balaou (S. saurus),Scomberesox saurus saurus,236461,Scomberesox saurus,126392,,27,Species,,,,,Scomberesox saurus,398
422,Sticklebacks (Gasterosteidae),Épinoches (Gasterosteidae),Gasterosteidae,125476,Gasterosteus aculeatus,125476,,1,Species,,,,photo et faire sp, , 
426,Threespine Stickleback,Épinoche à trois épines,Gasterosteus aculeatus,126505,Gasterosteus aculeatus,126505,,103,Species,,,,,Gasterosteus aculeatus,426
430,Codfish (Gadiformes),Gadoide (Gadiformes),Gadiformes,10313,Gadiformes,10313,,1,Order,not likely to be used,,,photo et conserve,Gadiformes,430
436,Codfishes (Gadidae),Gadidés  (Gadidae),Gadidae,125469,Gadidae,125469,,6,Family,small ones,,,photo et conserve,Gadidae,436
437,Atlantic or Greenland cod (Gadus sp.),Morue ou ogac (Gadus sp.),Gadus sp.,125732,Gadus,125732,,1,Genus,small ones,,,photo et conserve,Gadus,437
438,Atlantic Cod (G. morhua),Morue franche (G. morhua),Gadus morhua,126436,Gadus morhua,126436,,1828,Species,,,,,Gadus morhua,438
439,Greenland Cod (G. ogac),"Ogac, morue ogac (G. ogac)",Gadus ogac,254538,Gadus ogac,254538,,118,Species,Arctic-Atlantic variety distinct from Pacific Cod,,under revision,,Gadus ogac,439
440,Blue Whiting,Poutassou,Micromesistius poutassou,126439,Micromesistius poutassou,126439,,1,Species,,,,,Micromesistius poutassou,440
441,Haddock,Aiglefin,Melanogrammus aeglefinus,126437,Melanogrammus aeglefinus,126437,,47,Species,,,,,Melanogrammus aeglefinus,441
442,Atlantic Tomcod,Poulamon atlantique,Microgadus tomcod,158928,Microgadus tomcod,158928,,1,Species,,,,,Microgadus tomcod,442
443,Pollock,Goberge,Pollachius virens,126441,Pollachius virens,126441,,26,Species,,,,,Pollachius virens,443
444,Longfin Hake,Merluche à longues nageoires,Phycis chesteri,158988,Phycis chesteri,158988,,696,Species,,,,,Phycis chesteri,444
447,White Hake,Merluche blanche,Urophycis tenuis,126504,Urophycis tenuis,126504,,1354,Species,,,,,Urophycis tenuis,447
449,Silver Hake,Merlu argenté,Merluccius bilinearis,158962,Merluccius bilinearis,158962,,855,Species,,,,,Merluccius bilinearis,449
451,Arctic Cod,Saïda franc (Morue arctique),Boreogadus saida,126433,Boreogadus saida,126433,,399,Species,,,,,Boreogadus saida,451
453,Threebeard Rocklings  (Gaidropsarus sp.),Mustèles (Gaidropsarus sp.),Gaidropsarus sp.,125743,Gaidropsarus,125743,,14,Genus,likely errors,,,photo et faire Enchelyopus cimbrius, , 
454,Threebeard Rockling,Mustèle arctique à trois barbillons,Gaidropsarus ensis,126453,Gaidropsarus ensis,126453,,8,Species,,,,photo et confirme,Gaidropsarus ensis,454
455,"Silver Rockling, Arctic Threebearded Rockling",Mustèle argentée,Gaidropsarus argentatus,126451,Gaidropsarus argentatus,126451,,13,Species,,,,photo et faire Enchelyopus cimbrius, , 
461,Fourbeard Rockling,Motelle à quatre barbillons,Enchelyopus cimbrius,126450,Enchelyopus cimbrius,126450,,2083,Species,,,,,Enchelyopus cimbrius,461
471,Grenadier (Macrouridae),Grenadier (Macrouridae),Macrouridae,125471,Macrouridae,125471,,9,Family,incertain,,,photo et conserve,Macrouridae,471
478,Common Grenadier,Grenadier du grand Banc,Nezumia bairdii,183289,Nezumia bairdii,183289,,1715,Species,,,,,Nezumia bairdii,478
484,American Straptail Grenadier,Queue-de-rat d'Amérique,Malacocephalus occidentalis,158741,Malacocephalus occidentalis,158741,,2,Species,,,,photo et conserve,Malacocephalus occidentalis,484
527,Rosy Soldierfish,Poisson-montre,Hoplostethus mediterraneus mediterraneus,159409,Hoplostethus mediterraneus,159409,,3,Species,,,,,Hoplostethus mediterraneus,527
572,Atlantic Mackerel (S. scombrus),Maquereau bleu (S. scombrus),Scomber scombrus,127023,Scomber scombrus,127023,,322,Species,,,,,Scomber scombrus,572
614,Greateyes (Epigonus sp.),Grands yeux (Epigonus sp.),Epigonus sp.,125967,Epigonus,125967,,1,Genus,when damaged,,,photo et conserve, , 
618,Big Eye,Cardinal (E. pandionis),Epigonus pandionis,159706,Epigonus pandionis,159706,,9,Species,,,,,Epigonus pandionis,618
694,Northern Sand Lance,Lançon du nord,Ammodytes dubius,151520,Ammodytes,125909,,2,Genus,,,,,,
695,American Sand Lance,Lançon d'Amérique,Ammodytes americanus,159587,Ammodytes,125909,,7,Genus,,,,,,
696,Sand Lances (Ammodytes sp.),Lançons (Ammodytes sp.),Ammodytes sp.,125909,Ammodytes,125909,,295,Genus,,3 kinds from genetics,may by 2 or 3 from genetics,,Ammodytes,696
699,Northern Wolffish,Loup à tÍte large,Anarhichas denticulatus,126757,Anarhichas denticulatus,126757,,1,Species,,,,,Anarhichas denticulatus,699
700,Atlantic Wolffish,Loup atlantique,Anarhichas lupus,126758,Anarhichas lupus,126758,,644,Species,,,,,Anarhichas lupus,700
701,Spotted Wolffish,Loup tacheté,Anarhichas minor,126759,Anarhichas minor,126759,,159,Species,,,,,Anarhichas minor,701
702,Wolffishes (Anarhichas sp.),Loups (Anarhichas sp.),Anarhichas sp.,125912,Anarhichas,125912,,1,Genus,small ones,,,photo et conserve,Anarhichas,702
705,Rock Gunnel,Sigouine de roche,Pholis gunnellus,126996,Pholis gunnellus,126996,,1,Species,,,,,Pholis gunnellus,705
709,"Shannies, Blennies  (Stichaeidae)","Lompénies, Stichées, Ulvaires (Stichaeidae)",Stichaeidae,125566,Stichaeidae,125566,,1,Family,likely Lumpenidae,,,présume est pour Lumpenidae (nouveau),Stichaeidae,709
710,Arctic Shanny,Stichée arctique,Stichaeus punctatus,159819,Stichaeus punctatus,159819,,25,Species,,,,,Stichaeus punctatus,710
711,Fourline Snakeblenny,Quatre-lignes atlantique,Eumesogrammus praecisus,159817,Eumesogrammus praecisus,159817,,509,Species,,,,,Eumesogrammus praecisus,711
715,Slender Eelblenny,Lompénie élancée,Lumpenus fabricii,127073,Lumpenus fabricii,127073,,3,Species,,,,,Lumpenus fabricii,715
716,Snakeblenny,Lompénie-serpent,Lumpenus lampretaeformis,154675,Lumpenus lampretaeformis,154675,,612,Species,,,,,Lumpenus lampretaeformis,716
717,Daubed Shanny,Lompénie tachetée,Leptoclinus maculatus,127072,Leptoclinus maculatus,127072,,931,Species,,,,,Leptoclinus maculatus,717
718,Stout Eelblenny,Lompénie naine,Anisarchus medius,127070,Anisarchus medius,127070,,31,Species,,,,,Anisarchus medius,718
721,Wrymouth,Terrassier tacheté,Cryptacanthodes maculatus,159675,Cryptacanthodes maculatus,159675,,145,Species,,,,,Cryptacanthodes maculatus,721
725,"Eelpouts, Pouts, Wolf Eels (Zoarcidae)","Lycodes, Loquettes, Molasses (Zoarcidae)",Zoarcidae,125575,Zoarcidae,125575,,5,Family,likely errors,,,photo et conserve,Zoarcidae,725
726,Eelpouts (Lycodes sp.),Lycodes (Lycodes sp.),Lycodes sp.,126104,Lycodes,126104,,54,Genus,,,,photo et conserve,Lycodes,726
727,Esmark's Eelpout,Lycode d'Esmark,Lycodes esmarkii,127103,Lycodes esmarkii,127103,,83,Species,,,,,Lycodes esmarkii,727
728,Newfoundland Eelpout,Lycode du Labrador,Lycodes lavalaei,127107,Lycodes lavalaei,127107,,482,Species,,,,,Lycodes lavalaei,728
729,Arctic Eelpout,Lycode arctique,Lycodes reticulatus,127112,Lycodes lavalaei,127107,,1,Species,,,,, , 
730,Vahl's Eelpout,Lycode à carreaux,Lycodes vahlii,127118,Lycodes vahlii,127118,,798,Species,,,,,Lycodes vahlii,730
733,Canadian Eelpout (L. polaris),Lycode polaire (L. polaris),Lycodes polaris,127111,Lycodes polaris,127111,,14,Species,,,,,Lycodes polaris,733
734,Atlantic Eelpout,Lycode atlantique,Lycodes terraenovae,127117,Lycodes terraenovae,127117,,78,Species,,,,,Lycodes terraenovae,734
745,Atlantic Soft Pout,Molasse atlantique,Melanostigma atlanticum,127120,Melanostigma atlanticum,127120,,982,Species,,,,nom est mollasse pas molasse,Melanostigma atlanticum,745
746,Fish Doctor,Unernak caméléon,Gymnelus viridis,127096,Gymnelus viridis,127096,,125,Species,,,,,Gymnelus viridis,746
747,Wolf Eels (Lycenchelys sp.),Lycodes (Lycenchelys sp.),Lycenchelys sp.,126103,Lycenchelys,126103,,3,Genus,,,,photo et conserve, , 
750,Common Wolf Eel,Lycode commune,Lycenchelys paxillus,159257,Lycenchelys paxillus,159257,,43,Species,,,,,Lycenchelys paxillus,750
752,Wolf Eelpout,Lycode à tÍte longue,Lycenchelys verrillii,159258,Lycenchelys verrillii,159258,,171,Species,,,,,Lycenchelys verrillii,752
783,Butterfish,Stromatée à fossette,Peprilus triacanthus,159828,Peprilus triacanthus,159828,,1,Species,,,,,Peprilus triacanthus,783
792,Rockfishes (Sebastes sp.),Sébastes (Sebastes sp.),Sebastes sp.,126175,Sebastes,126175,,3957,Genus,,,,présume fasciatus/mentella,Sebastes,792
793,Golden Redfish,Sébaste orangé,Sebastes norvegicus,151324,Sebastes norvegicus,151324,,7,Species,,,,,Sebastes norvegicus,793
797,Blackbelly Rosefish,Chèvre impériale,Helicolenus dactylopterus,127251,Helicolenus dactylopterus,127251,,11,Species,,,,,Helicolenus dactylopterus,797
808,Sculpins (Cottidae),Chaboisseaux (Cottidae),Cottidae,125589,Cottidae,125589,,8,Family,small ones,,family is in revision,photo et conserve; note: famille est en révision,Cottidae,808
809,Sea Sculpin,Hémitriptère atlantique,Hemitripterus americanus,159518,Hemitripterus americanus,159518,,72,Species,,,,,Hemitripterus americanus,809
810,Hookear Sculpins (Artediellus sp.),Hameçons (Artediellus sp.),Artediellus sp.,126147,Artediellus,126147,,110,Genus,,,,,Artediellus,810
811,Atlantic Hookear Sculpin,Hameçon atlantique,Artediellus atlanticus,127193,Artediellus atlanticus,127193,,731,Species,,,,,Artediellus atlanticus,811
812,Arctic Hookear Sculpin,Hameçon neigeux,Artediellus uncinatus,127195,Artediellus uncinatus,127195,,269,Species,,,,,Artediellus uncinatus,812
813,Mailed Sculpins,Faux-trigles,Triglops sp.,126154,Triglops,126154,,13,Genus,,,,photo et conserve,Triglops,813
814,Moustache Sculpin,Faux-trigle armé,Triglops murrayi,127205,Triglops murrayi,127205,,949,Species,,,,,Triglops murrayi,814
815,Bigeye Sculpin,Faux-trigle à grands yeux,Triglops nybelini,127206,Triglops nybelini,127206,,15,Species,,,,photo et conserve,Triglops nybelini,815
816,Ribbed Sculpin,Faux-trigle bardé,Triglops pingelii,127207,Triglops murrayi,127205,,1,Species,,,,, , 
817,Sculpins (Myoxocephalus sp.),Chaboisseaux (Myoxocephalus sp.),Myoxocephalus sp.,126152,Myoxocephalus,126152,,7,Species,,,,photo et conserve,Myoxocephalus,817
818,"Little Sculpin, Grubby",Chaboisseau bronzé,Myoxocephalus aenaeus,159519,Myoxocephalus aenaeus,159519,,3,Species,,,,photo et conserve,Myoxocephalus aenaeus,818
819,Shorthorn Sculpin,Chaboisseau à épines courtes,Myoxocephalus scorpius,127203,Myoxocephalus scorpius,127203,,563,Species,,,,,Myoxocephalus scorpius,819
820,"Longhorn Sculpin, Gray Sculpin",Chaboisseau à dix-huit-épines,Myoxocephalus octodecemspinosus,159520,Myoxocephalus octodecemspinosus,159520,,15,Species,,,,,Myoxocephalus octodecemspinosus,820
823,Arctic Staghorn Sculpin,Tricorne arctique,Gymnocanthus tricuspis,127198,Gymnocanthus tricuspis,127198,,532,Species,,,,,Gymnocanthus tricuspis,823
829,Polar Sculpin,Cotte polaire,Cottunculus microps,127235,Cottunculus microps,127235,,24,Species,,,,,Cottunculus microps,829
830,Spatulate and Twohorn Sculpin (Icelus sp.),Icèles (Icelus sp.),Icelus sp.,126150,Icelus,126150,,26,Genus,,,,,Icelus,830
831,Twohorn Sculpin,Icèle à deux cornes,Icelus bicornis,127199,Icelus bicornis,127199,,101,Species,,,,,Icelus bicornis,831
832,Spatulate Sculpin,Icèle spatulée,Icelus spatula,127200,Icelus spatula,127200,,177,Species,,,,,Icelus spatula,832
836,Atlantic Poacher,Agone atlantique,Leptagonus decagonus,127191,Leptagonus decagonus,127191,,478,Species,,,,,Leptagonus decagonus,836
837,Arctic Alligatorfish,Poisson-alligator arctique,Aspidophoroides olrikii,309268,Aspidophoroides olrikii,309268,,54,Species,,,,,Aspidophoroides olrikii,837
838,Alligatorfish,Poisson-alligator atlantique,Aspidophoroides monopterygius,159459,Aspidophoroides monopterygius,159459,,811,Species,,,,,Aspidophoroides monopterygius,838
844,Atlantic Spiny Lumpsucker (E. spinosus),Petite poule de mer atlantique (E. spinosus),Eumicrotremus spinosus,127217,Eumicrotremus terraenovae,159521,,50,Species,,,,,Eumicrotremus terraenovae,844
845,Atlantic Spiny Lumpsucker (E. variabilis),Petite poule de mer atlantique (E. variabilis),Eumicrotremus spinosus variabilis,1552956,Eumicrotremus spinosus variabilis,1552956,,4,subspecies,placeholder name,pale and smooth kind,uncertain if a separate taxon or type,photo et conserve,Eumicrotremus spinosus variabilis,845
847,Newfoundland Spiny Lumpsucker,Petite poule Terre-Neuve,Eumicrotremus terraenovae,159521,Eumicrotremus terraenovae,159521,,474,Species,,,,,Eumicrotremus terraenovae,847
849,Lumpfish,Grosse poule de mer,Cyclopterus lumpus,127214,Cyclopterus lumpus,127214,,540,Species,,,,,Cyclopterus lumpus,849
853,Snailfishes (Liparidae),Limaces (Liparidae),Liparidae,234519,Liparidae,234519,,6,Family,small ones,,,photo et conserve,Liparidae,853
854,Snailfishes (Paraliparis sp.),Limaces (Paraliparis sp.),Paraliparis sp.,126161,Paraliparis,126161,,5,Genus,,,,photo et conserve,Paraliparis,854
856,"Blacksnout Seasnail, Blacksnout Snailfish",Limace à museau noir,Paraliparis copei,159530,Paraliparis copei,159530,,89,Species,,,,,Paraliparis copei,856
857,Snailfishes (Liparis sp.),Limaces (Liparis sp.),Liparis sp.,126160,Liparis,126160,,9,Genus,,,,photo et conserve,Liparis,857
862,Variegated Snailfish,Limace marbrée,Liparis gibbus,159526,Liparis bathyarcticus,867958,,11,Species,,,,, , 
865,Sea Tadpole,Petite limace de mer,Careproctus reinhardti,127212,Careproctus reinhardti,127212,,174,Species,,,,,Careproctus reinhardti,865
867,Gulf Snailfish,Limace de Cohen,Liparis coheni,159525,Liparis,126160,,1,Genus,,,,photo et conserve, , 
868,Nebulous Snailfish,Limace nébuleuse,Liparis bathyarcticus,867958,Liparis bathyarcticus,867958,,232,Species,,,,,Liparis bathyarcticus,868
874,Lowfin Snailfish,Limace ardente,Paraliparis calidus,159529,Paraliparis calidus,159529,,114,Species,,,,,Paraliparis calidus,874
887,"Flounders, Halibuts and Plaices","Flétans, limandes et plies",Pleuronectidae,125579,Pleuronectidae,125579,,2,Family,small ones,,,photo et conserve,Pleuronectidae,887
889,American Plaice,Plie canadienne,Hippoglossoides platessoides,127137,Hippoglossoides platessoides,127137,,2706,Species,,,,,Hippoglossoides platessoides,889
890,Witch Flounder,Plie grise,Glyptocephalus cynoglossus,127136,Glyptocephalus cynoglossus,127136,,2494,Species,,,,,Glyptocephalus cynoglossus,890
891,Yellowtail Flounder,Limande à queue jaune,Limanda ferruginea,158879,Limanda ferruginea,158879,,69,Species,,,,,Limanda ferruginea,891
892,"Greeenland Halibut, Turbot","Flétan du Groenland, turbot",Reinhardtius hippoglossoides,127144,Reinhardtius hippoglossoides,127144,,2716,Species,,,,,Reinhardtius hippoglossoides,892
893,Atlantic Halibut,Flétan atlantique,Hippoglossus hippoglossus,127138,Hippoglossus hippoglossus,127138,,832,Species,,,,,Hippoglossus hippoglossus,893
895,Winter Flounder,Plie rouge,Pseudopleuronectes americanus,158885,Pseudopleuronectes americanus,158885,,2,Species,,,,,Pseudopleuronectes americanus,895
966,"Monkfish, Goosefish",Baudroie d'Amérique,Lophius americanus,159184,Lophius americanus,159184,,176,Species,,,,,Lophius americanus,966
980,Seadevils (Ceratiidae),Poissons-pÍcheur (Cératidé),Ceratiidae,125487,Ceratiidae,125487,,1,Family,incertain,,,photo et conserve,Ceratiidae,980
982,"Triplewart Seadevil, Warted Seadevil","Petit pÍcheur abyssal, PÍcheur à trèfle",Cryptopsaras couesii,126538,Cryptopsaras couesii,126538,,7,Species,,,,,Cryptopsaras couesii,982
984,,PÍcheur rÍveur,Oneirodidae,125496,Oneirodidae,125496,,1,Family,,complex to identify,,photo et conserve,Oneirodidae,984
1100,Invertebrates,Invertébrés,Invertébrés,,Animalia,2,,63,Kingdom,placeholder name,unknown but not fish,,photo et conserve,Animalia,1100
1101,Sponges (Porifera),Éponges (Porifera),Porifera,558,Porifera,558,,1733,Phylum,several species possible,not possible to records all kinds,several species in review,photo et conserve,Porifera,1101
1107,Sponge (P. hemisphaerica),Éponge (P. hemisphaerica),Polymastia hemisphaerica,134200,Polymastia hemisphaerica,134200,,90,Species,,,,,Polymastia hemisphaerica,1107
1108,Sponge (T. semisuberites),Éponge (T. semisuberites),Tentorium semisuberites,134224,Tentorium semisuberites,134224,,83,Species,,,,,Tentorium semisuberites,1108
1109,Sponge (Polymastia sp.),Éponge (Polymastia sp.),Polymastia sp.,132046,Polymastiidae,131673,,153,Family,more than one genus,,,famille pas genre,Polymastiidae,1103
1112,Sponge ( S. borealis),Éponge (S. borealis),Stylocordyla borealis,134240,Stylocordyla borealis,134240,,221,Species,,,,,Stylocordyla borealis,1112
1113,Sponge (Sycon sp.),Éponge (Sycon sp.),Sycon sp.,131723,Sycon,131723,,7,Genus,,,,,Sycon,1113
1114,Sponge (T. muricata),Éponge (T. muricata),Thenea muricata,134106,Thenea muricata,134106,,26,Species,,,,,Thenea muricata,1114
1115,Fig sponge (S. ficus),Éponge (S. ficus),Suberites ficus,134285,Suberites ficus,134285,,38,Species,,,,,Suberites ficus,1115
1117,Sponge (M. lingua),Éponge (M. lingua),Mycale (Mycale) lingua,168640,Mycale (Mycale) lingua,168640,,63,Species,,,,,Mycale (Mycale) lingua,1117
1118,Sponge (M. loveli),Éponge (M. loveli),Mycale Mycale loveni,168642,Mycale,131907,,5,Genus,placeholder name,distinct from lingua,new species not loveni,"nouvelle espèce en cours, mettre au genre",Mycale,1143
1120,Sponge (A. foliatum),Éponge (A. foliatum),Asconema foliatum,172017,Asconema foliatum,172017,,42,Species,,,,,Asconema foliatum,1120
1122,Sponge (P. andrica),Éponge (P. andrica),Polymastia andrica,157415,Polymastia andrica,157415,,2,Species,,,,,Polymastia andrica,1122
1123,Sponge (P. grimaldii),Éponge (P. grimaldii),Polymastia grimaldii,134199,Polymastia grimaldii,134199,,12,Species,,,,,Polymastia grimaldii,1123
1127,Sponge (W. bursa),Éponge (W. bursa),Weberella bursa,134232,Weberella bursa,134232,,19,Species,,,,,Weberella bursa,1127
1128,Sponge (A. arcigera),Éponge (A. arcigera),Artemisina arcigera,132992,Artemisina arcigera,132992,,19,Species,,,,,Artemisina arcigera,1128
1130,Sponge (C. polyura),Éponge (C. polyura),Craniella polyura,171347,Craniella polyura,171347,,11,Species,,,,,Craniella polyura,1130
1131,Sponge (H. arcofer),Éponge (H. arcofer),Hemigellius arcofer,166752,Hemigellius arcofer,166752,,27,Species,,,,,Hemigellius arcofer,1131
1132,Sponge (I. piceum),Éponge (I. piceum),Iophon piceum,132972,Iophon piceum,132972,,5,Species,,,,,Iophon piceum,1132
1136,Sponge (P. bowerbanki),Éponge (P. bowerbanki),Phakellia bowerbanki,132506,Plicatellopsis bowerbanki,1426129,,9,Species,,,,,Plicatellopsis bowerbanki,1136
1340,Cnidarians (unspecified jellyfishes),Cnidaires (méduses non spécifiées),Cnidaria,1267,Cnidaria,1267,,3,Phylum,may be debris, ,, ,Cnidaria,1340
1341,Hydrozoans (Hydrozoa),Hydrozoaires (Hydrozoa),Hydrozoa,1337,Hydrozoa,1337,,670,Class,placeholder name,"fixed, sessile polyps",excluding hydromedusa,types sessiles excluant les hydroméduses,Hydrozoa,1341
1352,Whitecross Jellyfish,Méduse à croix blanche,Staurostoma mertensii,594013,Staurostoma mertensii,594013,,43,Species,,,,,Staurostoma mertensii,1352
1353,Jellyfish (P. lactea),Méduse (P. lactea),Ptychogena lactea,117728,Ptychogena lactea,117728,,413,Species,,,,,Ptychogena lactea,1353
1357,Bottlebrush Hydroid  (T. thuja),Hydrozoaire (T. thuja),Thuiaria thuja,117940,Thuiaria thuja,117940,,152,Species,,,,,Thuiaria thuja,1357
1366,Hydrozoans (Thuiaria sp.),Hydrozoaires (Thuiaria sp.),Thuiaria sp.,117237,Thuiaria thuja,117940,,2,Species,expect 1 species,,,, , 
1375,,Siphonophore,Siphonophorae,1371,Stephalia corona,135509,,6,Species,,,,"est Stephalia corona, 1381",Stephalia corona,1381
1380,,Siphonophore (Rhodaliidae),Rhodaliidae,135350,Stephalia corona,135509,,45,Species,,,,"est Stephalia corona, 1381", , 
2040,Scyphozoans (Jellyfish) (Scyphozoa),Scyphozoaires (Méduses) (Scyphozoa),Scyphozoa,135220,Scyphozoa,135220,,848,Class,incertain,,,,Scyphozoa,2040
2050,Horned Stalked Jellyfish,Lucernaire à quatres cornes,Lucernaria quadricornis,135328,Lucernaria quadricornis,135328,,4,Genus,,,species complex,,Lucernaria quadricornis,2050
2080,Lion's Mane (C. capilata),Crinière de lion (C. capilata),Cyanea capillata,135301,Cyanea,135259,,968,Genus,several species possible,genetics required,,génétique besoin pour confirmer sp.,Cyanea,2079
2084,Jelly fish (Aurelia sp.),Méduse (Aurelia sp.),Aurelia sp.,135263,Aurelia,135263,,1,Genus,,,species complex,génétique besoin pour confirmer sp.,Aurelia,2084
2085,Moon Jelly,Méduse de lune,Aurelia aurita,135306,Aurelia,135263,,164,Species,,,,, , 
2096,Crown jellyfish (P. periphylla),Méduse à coronne (P. periphylla),Periphylla periphylla,135294,Periphylla periphylla,135294,,536,Species,,,,,Periphylla periphylla,2096
2097,Jellyfish (A. wyvillei),Méduse (A. wyvillei),Atolla wyvillei,135282,Atolla wyvillei,135282,,49,Species,,,,,Atolla wyvillei,2097
2100,Anthozoan,Anthozoaires,Anthozoa,1292,Anthozoa,1292,,1,Class,incertain,,,,Anthozoa,2100
2150,Anemone (H. digitata),Anémone (H. digitata),Hormathia digitata,100951,Hormathia digitata,100951,,206,Species,,,,,Hormathia digitata,2150
2151,Sea Anemone (C. similis†),Anémone de mer (C. similis†),Cribrinopsis similis,100824,Cribrinopsis similis,100824,,4,Species,,,,,Cribrinopsis similis,2151
2152,Sea Anemone ((U. crassicornis),Anémone de mer (U. crassicornis),Urticina crassicornis,100832,Urticina crassicornis,100832,,21,Species,,,,,Urticina crassicornis,2152
2153,Anemone (P. patula),Anémone beige évasée,Ptychodactis patula,101020,Ptychodactis patula,101020,,11,Species,,,,,Ptychodactis patula,2153
2156,Zoanthid (E. erdmanni),Zoanthide (E. erdmanni),Epizoanthus erdmanni,101027,Epizoanthus erdmanni,101027,,25,Species,,,,,Epizoanthus erdmanni,2156
2157,Sea Anemone (Epizoanthus sp.),Anémone de mer (Epizoanthus sp.),Epizoanthus sp.,100790,Epizoanthus erdmanni,101027,,310,Species,expect 1 species,,,1 sp seulement, , 
2158,Anemone (B. tuediae),Anémone de mer (B. tuediae),Bolocera tuediae,100817,Bolocera tuediae,100817,,1165,Species,,,,,Bolocera tuediae,2158
2159,Sea anemone (S. nexilis),Anémone de mer (S. nexilis),Stephanauge nexilis,158258,Stephanauge nexilis,158258,,229,Species,,,,,Stephanauge nexilis,2159
2162,Anemone (A. callosa),Anémones de mer (A. callosa),Actinostola callosa,100839,Actinostola callosa,100839,,934,Species,,,,,Actinostola callosa,2162
2165,Sea Anemones (Actiniaria),Actinies et Anémones (Actiniaria),Actiniaria,1360,Actiniaria,1360,,279,Order,incertain,needs review,needs review,,Actiniaria,2165
2167,Rugose Anemone,Anémone noduleuse,Hormathia nodosa,100954,Hormathia nodosa,100954,,116,Species,,,,,Hormathia nodosa,2167
2171,Clonal Plumose Anemone (M. senile),Anémone de mer (M. senile),Metridium senile,100982,Metridium senile,100982,,5,Species,,,,,Metridium senile,2171
2173,Anemone (S. coccinea),Anémone marbrée (S. coccinea),Stomphia coccinea,100854,Stomphia coccinea,100854,,473,Species,,,,,Stomphia coccinea,2173
2182,Anemone (A.cristata),Anémone de mer (A. cristata),Actinauge cristata,158210,Actinauge cristata,158210,,703,Species,,,,,Actinauge cristata,2182
2183,Sea Cauliflower (D. florida),Corail mou (D. florida),Duva florida,146943,Duva florida,146943,,189,Species,,,,,Duva florida,2183
2184,Sea Strawberry (G. rubiformis),framboise de mer (G. rubiformis),Gersemia rubiformis,156103,Gersemia rubiformis,156103,,372,Species,,,,,Gersemia rubiformis,2184
2191,Soft coral (D. glomerata),Corail mou (D. glomerata),Drifa glomerata,146941,Drifa glomerata,146941,,258,Species,,,,,Drifa glomerata,2191
2201,Sea Pens (Pennatulacea),Plumes de mer (Pennatulacea),Pennatulacea,1367,Pennatulacea,1367,,338,Class,incertain,,,,Pennatulacea,2201
2203,Sea Pen (P. aculeata),Plume de mer (P. aculeata),Pennatula aculeata,128515,Pennatula aculeata,128515,,1214,Species,,,,,Pennatula aculeata,2203
2204,Sea anemone (Zoanthids),Anémone de mer (Zoanthidés),Zoanthidae,100690,Zoanthidae,100690,,2,Family,incertain,,,conserve,Zoanthidae,2204
2205,Sea Anemones (Actinauge sp.),Anémones de mer (Actinauge sp.),Actinauge sp.,100750,Actinauge cristata,158210,,4,Species,,,,,Actinauge cristata,2205
2207,Sea anemone (L. multicorne),Anémone (L. multicorne),Liponema multicorne,593072,Liponema multicorne,593072,,132,Species,,,,,Liponema multicorne,2207
2210,Sea Pen (P. grandis),Plume de mer (P. grandis),Ptilella grandis,1379630,Ptilella grandis,1379630,,357,Species,,,,,Ptilella grandis,2210
2213,Sea pen (K. stelliferum),Plume de mer (K. stelliferum),Kophobelemnon stelliferum,128512,Kophobelemnon stelliferum,128512,,2,Species,,,,conserve,Kophobelemnon stelliferum,2213
2217,Sea pen (H. finmarchica),Plume de mer (H. finmarchica),Halipteris finmarchica,128509,Halipteris finmarchica,128509,,241,Species,,,,,Halipteris finmarchica,2217
2218,Sea pen (A. grandiflorum),Plume de mer (A. grandiflorum),Anthoptilum grandiflorum,128504,Anthoptilum grandiflorum,128504,,572,Species,,,,,Anthoptilum grandiflorum,2218
2219,Soft corals (Nephtheidae),Coraux mous (Nephtheidae),Nephtheidae,146762,Nephtheidae,146762,,266,Family,Drifa or Duva only,,family is in revision,famille est en révision (exclure Gersemia),Nephtheidae,2219
2222,Soft coral (Heteropolypus sp.),Corail mou (Heteropolypus sp.),Heteropolypus sp.,345446,Heteropolypus,345446,,1,Genus,,,,famille est en révision; conserve,Heteropolypus,2222
2224,Cup coral (F. alabastrum),Madrépore (F. alabastrum),Flabellum (Ulocyathus) alabastrum,135194,Flabellum (Ulocyathus) alabastrum,135194,,106,Species,1 species at limit of distribution in St. Lawrence,,,,Flabellum (Ulocyathus) alabastrum,2224
2250,Comb-Jellies (Ctenophora),Cténophores (Ctenophora),Ctenophora,1248,Ctenophora,1248,,5,Phylum,zooplankton,likely Pleurobrachia pileus,,présume P. pileus,Ctenophora,2250
2255,Sea Gooseberry,Groseille de mer ronde,Pleurobrachia pileus,106386,Pleurobrachia pileus,106386,,282,Species,,,,,Pleurobrachia pileus,2255
2295,Flatworms (Fecampiidae),Vers flats (Fecampiidae),Fecampiidae, ,Kronborgia caridicola,142966, ,32,Species,,,,"est Kronborgia caridicola, 9964",Kronborgia caridicola,9964
2296,Fecampiidae Egg Capsule,Capsule d'oeuf de Fecampiidae,Capsule d'oeuf de Fecampiidae,,Kronborgia caridicola,142966,oeuf,26,Species,,,,"est Kronborgia caridicola, 9964", , 
2573,Priapulid (P. caudatus),Priapulide (P. caudatus),Priapulus caudatus,101160,Priapulus caudatus,101160,,6,Species,,,,,Priapulus caudatus,2573
2585,Nematode,Nématode,Nematoda,799,Nematoda,799,,4,Phylum,likely errors for Nemertea,,,"peu probable, était Nemertea",Nematoda,2585
2670,Bryozoans (Bryozoa),Bryozoaires (Bryozoa),Bryozoa,146142,Bryozoa,146142,,222,Phylum,often calcareous debris,,,,Bryozoa,2670
2675,Bryozoan (Alcyonidium sp.),Bryozoaire (Alcyonidium sp.),Alcyonidium sp.,110993,Alcyonidium,110993,,7,Genus,,,,débris du littoral,Alcyonidium,2675
2676,Marine bryozoans (A. gelatinosum),Bryozoaire marin (A.gelatinosum),Alcyonidium gelatinosum,111600,Alcyonidium gelatinosum,111600,,9,Species,,,,débris du littoral,Alcyonidium gelatinosum,2676
2677,Bryozoan (A. pachydermatum),Bryozoaire (A. pachydermatum),Alcyonidium pachydermatum,470640,Alcyonidium pachydermatum,470640,,14,Species,,,,débris du littoral,Alcyonidium pachydermatum,2677
2679,Marine bryozoans (S. securifrons),Bryozoaires marins (S. securifrons),Securiflustra securifrons,111374,Securiflustra securifrons,111374,,113,Species,,,,,Securiflustra securifrons,2679
2684,Marine Bryozoan (Celleporina sp.),Bryozoaire marin (Celleporina sp.),Celleporina,110875,Celleporina,110875,,1,Genus,,,,incertain, , 
2685,Marine Bryozoan (C. surcularis),Bryozoaire marin (C. surcularis),Celleporina surcularis,111277,Celleporina surcularis,111277,,3,Species,,,, ,Celleporina surcularis,2685
2686,marine bryozoan (Phidolopora elongata),Bryozoaire marin (Phidolopora elongata),Phidolopora elongata,111445,Phidolopora elongata,111445,,4,Species,,,, ,Phidolopora elongata,2686
3000,Ribbon Worm,Némerte,Nemertea,152391,Nemertea,152391,,36,Phylum,,difficult to do,,2 types possible,Nemertea,3000
3090,Lamp Shell (H. psittacea),Brachiopode (H. psittacea),Hemithiris psittacea,104054,Hemithiris psittacea,104054,,93,Species,,,,,Hemithiris psittacea,3090
3101,Northern Lamp Shell,Térébratule du Nord,Terebratulina septentrionalis,104056,Terebratulina septentrionalis,104056,,194,Species,,,,,Terebratulina septentrionalis,3101
3125,Chitons (Polyplacophora),Chitons (Polyplacophora),Polyplacophora,55,Polyplacophora,55,,5,Class,incertain,,,photo et conserve,Polyplacophora,3125
3133,Chiton (Tonicellidae),Chiton (Tonicellidae),Tonicellidae,385500,Tonicellidae,385500,,5,Family,2 kinds,,,2 types possible,Tonicellidae,3133
3134,Chitons (Tonicella sp.),Chitons (Tonicella sp.),Tonicella sp.,138090,Tonicellidae,385500,,5,Family,more than one genus,,,, , 
3141,chiton (Hanleya hanleyi),chiton (Hanleya hanleyi),Hanleya hanleyi,140082,Hanleya hanleyi,140082,,1,Species,,,,,Hanleya hanleyi,3141
3145,Northern White Chiton,Chiton blanc du nord,Stenosemus albus,247773,Stenosemus albus,247773,,1,Species,,,,,Stenosemus albus,3145
3146,Chiton (S. exaratus),Chiton (S. exaratus),Stenosemus exaratus,386014,Hanleya hanleyi,140082,,1,Species,,,,erreur, , 
3154,Northern Red Chiton,Souris de mer (Chiton),Tonicella rubra,140152,Tonicella rubra,140152,,2,Species,,,,,Tonicella rubra,3154
3164,Chiton (A. vestita),Chiton (A. vestita),Amicula vestita,159928,Amicula vestita,159928,,9,Species,,,,,Amicula vestita,3164
3175,Gastropods (Slug and Snail),Gastéropodes (escargot et limace),Gastropoda,101,Gastropoda,101,,50,Class,incertain,,,photo et conserve,Gastropoda,3175
3198,Northern Blind Limpet,Patelle (L. caeca),Lepeta caeca,140187,Lepeta caeca,140187,,1,Species,,,,,Lepeta caeca,3198
3212,Topsnail (Margarites sp.),Troques (Margarites sp.),Margarites sp.,138592,Margarites,138592,,1,Genus,,,,incertain,Margarites,3212
3216,Greenland marguerite,Troque (M. groenlandicus),Margarites groenlandicus,141820,Margarites groenlandicus,141820,,50,Species,,,,,Margarites groenlandicus,3216
3219,Boreal Rosy Margarite,Margarite rosé du Nord,Margarites costalis,141819,Margarites costalis,141819,,143,Species,,,,,Margarites costalis,3219
3225,Topsnail (Solariella sp.),Gastéropes (Solariella sp.),Solariella sp.,138597,Solariella,138597,,2,Genus,,,,incertain,Solariella,3225
3227,Varicose Solarelle,Gastéropode (S. varicosa),Solariella varicosa,141846,Solariella varicosa,141846,,2,Species,,,,,Solariella varicosa,3227
3249,Common Periwinkle,Bigorneau,Littorina littorea,140262,Littorina littorea,140262,,2,Species,,,,débris du littoral,Littorina littorea,3249
3255,Northern Lacuna (L. vincta),Gastropode (L. vincta),Lacuna vincta,140170,Lacuna vincta,140170,,4,Species,,,,débris du littoral,Lacuna vincta,3255
3305,Boreal hairysnail,Gastéropode (A. borealis),Ariadnaria borealis,714762,Ariadnaria borealis,714762,,3,Species,,,,,Ariadnaria borealis,3305
3310,Eroded Turritsnail (T. erosus),Gastropode (T. erosus),Tachyrhynchus erosus,196391,Tachyrhynchus erosus,196391,,8,Species,,,,probablement des coquilles morts,Tachyrhynchus erosus,3310
3418,American Pelicanfoot,Pied-de-pélican,Arrhoges occidentalis,531617,Arrhoges occidentalis,531617,,292,Species,,,,,Arrhoges occidentalis,3418
3420,Moonsnails (Naticidae),Lunaties (Naticidae),Naticidae,145,Naticidae,145,,48,Family,,need photo of umbilicus ,,photo d'umbilic (en-dessous) et opercule,Naticidae,3420
3422,Arctic moonsnail (C. affinis),Lunaties (C. affinis),Cryptonatica affinis,140525,Cryptonatica affinis,140525,,54,Species,,,,photo d'umbilic (en-dessous) et opercule,Cryptonatica affinis,3422
3437,Pale Moonsnail (E. pallida),Lunatie du Groenland (E. pallida),Euspira pallida,140536,Euspira pallida,140536,,99,Species,,,,photo d'umbilic (en-dessous) et opercule,Euspira pallida,3437
3445,Snails (Lacuna sp.),Gastropodes (Lacuna sp.),Lacuna sp.,138099,Lacuna vincta,140170,,1,Species,expect 1 species,,,débris du littoral; 1 sp., , 
3452,Snail (Velutinidae),Gastéropode (Velutinidae),Velutinidae,143,Velutinidae,143,,3,Family,2 kinds,,,photo et conserve,Velutinidae,3452
3455,Snail (Onchidiopsis sp.),Gastéropode velutinidae (Onchidiopsis sp.),Onchidiopsis sp.,138628,Onchidiopsis corys,159955,,4,Species,,,,,Onchidiopsis corys,3455
3459,Wavy Lamellaria,Veloutée rayée,Limneria undata,141904,Limneria undata,141904,,16,Species,,,,,Limneria undata,3459
3460,Smooth lamellaria,Veloutée lisse,Velutina velutina,141905,Velutina velutina,141905,,7,Species,,,,,Velutina velutina,3460
3487,Clathrate Trophon (B. clathratus),Murex (B. clathratus),Boreotrophon clathratus,146732,Boreotrophon clathratus,146732,,1,Species,,,,,Boreotrophon clathratus,3487
3488,Murex (Boreotrophon sp.),Murex (Boreotrophon sp.),Boreotrophon sp.,146731,Boreotrophon clathratus,146732,,37,Species,,,,1 sp seulement, , 
3491,Murex (S. fabricii),Murex (S. fabricii),Scabrotrophon fabricii,147146,Scabrotrophon fabricii,147146,,92,Species,,,,,Scabrotrophon fabricii,3491
3515,Whelks,Buccinidés,Buccinidae,149,Buccinidae,149,,19,Family,3 kinds,,,photo et conserve,Buccinidae,3515
3516,Whelk (Buccinum sp.),Buccins (Buccinum sp.),Buccinum sp.,137701,Buccinum,137701,,262,Genus,,,,photo et conserve,Buccinum,3516
3517,Waved Whelk,Buccin commun,Buccinum undatum,138878,Buccinum undatum,138878,,148,Species,,,,,Buccinum undatum,3517
3518,Thin Whelk,Buccin (B. polare),Buccinum polare,138873,Buccinum terraenovae,490864,,5,Species,,,,était polare ou totteni,Buccinum terraenovae,3518
3519,Whelk (B. turtoni),Buccin (B. turtoni),Beringius turtoni,138855,Beringius turtoni,138855,,15,Species,,,,,Beringius turtoni,3519
3520,Bluish Whelk,Buccin bleu,Buccinum cyaneum,138862,Buccinum cyaneum,138862,,176,Species,,,,type commun,Buccinum cyaneum,3520
3523,Ladder Whelk (B. scalariforme),Buccin (B. scalariforme),Buccinum scalariforme,138875,Buccinum scalariforme,138875,,47,Species,,,,,Buccinum scalariforme,3523
3564,Norway Whelk,Buccin (V. norwegicus),Volutopsius norwegicus,138938,Volutopsius norwegicus,138938,,4,Species,,,,,Volutopsius norwegicus,3564
3565,Whelks (Neptunea sp.),Buccins (Neptunea sp.),Neptunea sp.,137710,Neptunea despecta,491164,,8,Genus,expect 1 species,,,seulement despecta en nord, , 
3566,Wrinkle Whelk (N. decemcostata),Neptunée à dix côtes,Neptunea decemcostata,491164,Neptunea despecta,491164,,1,Species,,,,seulement despecta en nord, , 
3567,Lader Whelk (N. despecta),Neptunée commune du nord,Neptunea despecta,138923,Neptunea despecta,491164,,99,Species,,,,seulement despecta en nord,Neptunea despecta,3567
3575,Whelks (Colus sp.),Buccins (Colus sp.),Colus sp.,137704,Colus,137704,,61,Genus,,,,,Colus,3575
3576,Whelk (C. stimpsoni),Buccin (C. stimpsoni),Colus stimpsoni,160215,Colus stimpsoni,160215,,42,Species,,,,,Colus stimpsoni,3576
3577,Hairy Whelk (C. pubescens),Buccin (C. pubescens),Colus pubescens,160212,Colus pubescens,160212,,70,Species,,,,,Colus pubescens,3577
3578,Arctic Whelk,Colus (P. kroeyeri),Plicifusus kroyeri,491269,Plicifusus kroyeri,491269,,25,Species,,,,,Plicifusus kroyeri,3578
3583,Whelk (A. brevicauda),Buccin (A. brevicauda),Aulacofusus brevicauda,490735,Aulacofusus brevicauda,490735,,18,Species,,,,,Aulacofusus brevicauda,3583
3630,Snail (P. scalaris),Gastropode (P. scalaris),Propebela scalaris,160447,Propebela scalaris,160447,,1,Species,,,,,Propebela scalaris,3630
3715,Giant Canoe Bubble (S. punctostriatus),Céphalaspide (S. punctostriatus),Scaphander punctostriatus,139490,Scaphander punctostriatus,139490,,343,Species,,,,,Scaphander punctostriatus,3715
3832,Naked Sea Butterfliy (C. limacina),Ptéropode (C. limacina),Clione limacina,139178,Clione limacina,139178,,1,Species,,,,,Clione limacina,3832
3850,Nudibranchs (Nudibranchia),Nudibranches (Nudibranchia),Nudibranchia,1762,Nudibranchia,1762,,20,Order,,needs review,,photo et conserve--pour inclure Heterodoris robusta,Nudibranchia,3850
3860,Nudibranchs (Onchidorididae),Nudibranches (Onchidorididae),Onchidorididae,175,Onchidorididae,175,,1,Family,2 kinds,,,photo et conserve,Onchidorididae,3860
3891,Nudibranch (A. zetlandica),Nudibranche(A. zetlandica),Aldisa zetlandica,138739,Doridoxa ingolfiana,138739,,37,Species,,,,attention aux erreurs--révisions 2 fois en passée,Doridoxa ingolfiana,3891
3893,Nudibranch (Dendronotus sp.),Nudibranche (Dendronotus sp.),Dendronotus sp.,137885,Dendronotus,137885,,30,Genus,,,,,Dendronotus,3893
3894,Nudibranch (D. frondosus),Nudibranche (D. frondosus),Dendronotus frondosus,139523,Dendronotus frondosus,139523,,32,Species,,,,,Dendronotus frondosus,3894
3895,Orange Nudibranch,Nudibranche orangé,Dendronotus elegans,156710,Dendronotus elegans,156710,,11,Species,,,,,Dendronotus elegans,3895
3908,Nudibranch (C. villosa),Nudibranche (C. villosa),Colga villosa,146851,Colga villosa,146851,,121,Species,,,,,Colga villosa,3908
3965,Nudibranch (D. ingolfiana),Nudibranche (D. ingolfiana),Doridoxa ingolfiana,370549,Doridoxa ingolfiana,138739,,11,Species,,,,est devenu Heterodoris robusta (voir en bas) pour 5 cas, , 
3977,Tuskshell (Antalis sp.),Scaphopode (Antalis sp.),Antalis sp.,150531,Antalis occidentalis,196377,,1,Species,expect 1 species,,,, , 
3978,occidental tuskshell,Scaphopode (Antalis occidentalis),Antalis occidentalis,196377,Antalis occidentalis,196377,,2,Species,,,,,Antalis occidentalis,3978
3995,Bivalves (Bivalvia),Bivalves (Bivalvia),Bivalvia,105,Bivalvia,105,,46,Class,incertain,,,,Bivalvia,3995
4010,Smooth Nutclam,bivalve (E. tenuis),Ennucula tenuis,140584,Ennucula tenuis,140584,,1,Species,,,,,Ennucula tenuis,4010
4019,Nutclams (Nuculana sp.),Bivalves (Nuculana sp.),Nuculana sp.,138259,Nuculana,138259,,36,Genus,,,,,Nuculana,4019
4021,Northern Nutclam (N. pernula),Bivalve (N. pernula),Nuculana pernula,140579,Nuculana pernula,140579,,1,Species,,,,,Nuculana pernula,4021
4025,Broad Yoldia (M. thraciaeformis),Bivalve (M. thraciaeformis),Megayoldia thraciaeformis,141983,Megayoldia thraciaeformis,141983,,368,Species,,,,,Megayoldia thraciaeformis,4025
4074,Bivalves (Yoldia sp.),Bivalves (Yoldia sp.),Yoldia sp.,138672,Yoldia,138672,,8,Genus,,,,,Yoldia,4074
4105,Glacial Bathyark,Bivalve (B. glacialis),Bathyarca glacialis,138797,Bathyarca glacialis,138797,,9,Species,,,,,Bathyarca glacialis,4105
4121,Mussels (Mytilus sp.),Moules (Mytilus sp.),Mytilus sp.,138228,Mytilus,138228,,158,Genus,,,,"complexe d'espèce, au genre seulement",Mytilus,4121
4124,Bean crenella,Crénella fauve,Crenella faba,156763,Crenella faba,156763,,6,Species,,,,,Crenella faba,4124
4126,Mussels (Muscules sp.),Moules (Musculus sp.),Musculus sp.,138225,Musculus,138225,,13,Genus,2 kinds,,,,Musculus,4126
4127,Black Mussel,Moule noire,Musculus niger,140474,Musculus niger,140474,,7,Species,,,,,Musculus niger,4127
4128,Discordant mussel,Moule lisse,Musculus discors,140472,Musculus discors,140472,,6,Species,,,,,Musculus discors,4128
4167,Iceland Scallop,Pétoncle d' Islande,Chlamys islandica,140692,Chlamys islandica,140692,,245,Species,,,,,Chlamys islandica,4167
4179,Sea Scallop,Pétoncle géant,Placopecten magellanicus,156972,Placopecten magellanicus,156972,,1,Species,uncomfirmed,may be confused with deepwater Similipecten,,,Placopecten magellanicus,4179
4191,Greenland Glass-Scallop (S. greenlandicus),Pétoncle (S. greenlandicus),Similipecten greenlandicus,181299,Similipecten greenlandicus,181299,,54,Species,"deepwater, tiny species",,,,Similipecten greenlandicus,4191
4218,Scallop (Anomiidae),Pétoncle (Anomiidae),Anomiidae,214,Anomiidae,214,,6,Family,2 kinds,,,,Anomiidae,4218
4219,Jingle shells (Anomia sp.),Anomies (Anomia sp.),Anomia sp.,137650,Anomiidae,214,,20,Family,,too difficult to identify to genus or species,,présume Heteranomia squamula, , 
4227,Astartes (Astarte sp.),Astartes (Astarte sp.),Astarte sp.,137683,Astarte,137683,,418,Genus,several kinds,all kinds but borealis (larger),,,Astarte,4227
4230,Narrow Hinge Astarte (A. montagui),Astarte (A. montagui),Astarte montagui,138823,Astarte,137683,,1,Genus,several kinds,,,incertain, , 
4231,Boreal Astarte (A. borealis),Astarte (A. borealis),Astarte borealis,138818,Astarte borealis,138818,,10,Species,,,,,Astarte borealis,4231
4268,Northern Cyclocardia,Vénéricarde boréale,Cyclocardia borealis,156832,Cyclocardia borealis,156832,,18,Species,,,,,Cyclocardia borealis,4268
4280,Bivalves (Lyonsiella sp.),Bivalves (Lyonsiella sp.),Lyonsiella sp.,138654,Lyonsiella,138654,,1,Genus,,,,,Lyonsiella,4280
4301,cleftclam (Thyasira sp.),bivalve (Thyasira sp.),Thyasira,138552,Thyasira,138552,,9,Genus,,,,besoin de génétique,Thyasira,4301
4338,Northern Dwarf-Cockle,Coque naine du nord,Parvicardium pinnulatum,156765,Parvicardium pinnulatum,156765,,1,Species,,,,,Parvicardium pinnulatum,4338
4351,Iceland Cockle,Coque d'Islande,Ciliatocardium ciliatum,139000,Ciliatocardium ciliatum,139000,,110,Species,,,,,Ciliatocardium ciliatum,4351
4352,Greenland Smoothcockle (S. groenlandicus),Coque du Groenland,Serripes groenlandicus,582749,Serripes groenlandicus,582749,,25,Species,burrower,,,,Serripes groenlandicus,4352
4384,Arctic wedgeclam (M. arctatum),Clovisse arctique,Mesodesma arctatum,156805,Mesodesma arctatum,156805,,2,Species,intertidal species,,,débris du littoral,Mesodesma arctatum,4384
4395,Chalky Macoma (M. calcarea),Bivalve (M. calcarea),Macoma calcarea,141580,Macoma calcarea,141580,,73,Species,,,,,Macoma calcarea,4395
4428,Truncate Softshell Clam,Mye tronquée,Mya truncata,140431,Mya truncata,140431,,2,Species,burrower,,,,Mya truncata,4428
4437,Arctic Saxicave,Saxicave arctique,Hiatella arctica,140103,Hiatella arctica,140103,,48,Species,burrower,,,,Hiatella arctica,4437
4438,Arctic Roughmya (P. norvegica),Saxicave (P. norvegica),Panomya norvegica,140105,Panomya norvegica,140105,,16,Species,burrower,,,,Panomya norvegica,4438
4441,Northern Propellerclam (C. siliqua),Couteau de Banks (C. siliqua),Cyrtodaria siliqua,140102,Cyrtodaria siliqua,140102,,1,Species,burrower,,,,Cyrtodaria siliqua,4441
4451,Atlantic Woodeater,Bivalve (X. atlantica),Xylophaga atlantica,156497,Xylophaga atlantica,156497,,23,Species,on deepwater debris,non-calcareous burrows,,débris du fond,Xylophaga atlantica,4451
4498,Naval shipworm (T. navalis),Taret commun (T. navalis),Teredo navalis,141607,Teredo navalis,141607,,3,Species,on floating wood debris,calcareous burrows,,débris flottant,Teredo navalis,4498
4526,Gacial Dipperclam (C. glacialis),bivalve (C. glacialis),Cuspidaria glacialis,139445,Cuspidaria glacialis,139445,,430,Species,,,,,Cuspidaria glacialis,4526
4545,Cephalopods,Céphalopodes,Cephalopoda,11707,Cephalopoda,11707,,60,Class,incertain,,,photo et conserve: Bathypolypus ou Rossia,Cephalopoda,4545
4557,Bobtails (Rossia sp.),Sépioles (Rossia sp.),Rossia sp.,138481,Rossia,138481,,632,Genus,2 species,,,2 sp. Possible,Rossia,4557
4562,Big-Fin Bobtail Squid (R. megaptera),Sépiole (R. megaptera),Rossia megaptera,157032,Rossia,138481,,3,Genus,2 species,,,2 sp. Possible, , 
4569,Lesser Shining Bobtail,Sépiole calamarette,Semirossia tenera,157036,Rossia,138481,,2,Genus,historical error,,,erreur historique, , 
4587,Butterfly Squid (S. leucoptera),Sépiole (S. leucoptera),Stoloteuthis leucoptera,157037,Stoloteuthis leucoptera,157037,,48,Species,,,,pélagique,Stoloteuthis leucoptera,4587
4753,Northern Shortfin Squid (I. illecebrosus),Encornet rouge nordique (I. illecebrosus),Illex illecebrosus,153087,Illex illecebrosus,153087,,1192,Species,,,,,Illex illecebrosus,4753
4770,Boreoatlantic Armhook Squid (G. fabricii),Encornet atlantoboréal (G. fabricii),Gonatus fabricii,153097,Gonatus fabricii,153097,,3,Species,,,,photo et conserve,Gonatus fabricii,4770
4853,Octopus (S. syrtensis),Pieuvre (S. syrtensis),Stauroteuthis syrtensis,153122,Stauroteuthis syrtensis,153122,,5,Species,,,,photo et conserve,Stauroteuthis syrtensis,4853
4878,Octopus (Bathypolypus sp.),Poulpes (Bathypolypus sp.),Bathypolypus sp.,138265,Bathypolypus bairdii,157011,,2,Species,expect 1 species,,,1 sp seulement, , 
4894,Octopus (Octopus sp.),Pieuvre (Octopus sp.),Octopus sp.,138268,Bathypolypus bairdii,157011,,1,Species,expect 1 species,,,pas présent, ,  
4904,North Atlantic Octopus (B. bairdii),Poulpe (B. bairdii),Bathypolypus bairdii,157011,Bathypolypus bairdii,157011,,835,Species,,,,,Bathypolypus bairdii,4904
4950,Polychaetes (Polychaeta),Polychètes (Polychaeta),Polychaeta,883,Polychaeta,883,,890,Class,incertain,,,,Polychaeta,4950
4955,Paddle Worm (P. groenlandica),Polychète (P. groenlandica),Phyllodoce groenlandica,334506,Phyllodoce groenlandica,334506,,5,Species,,,,,Phyllodoce groenlandica,4955
5002,Sea Mouse (A. hastata),Souris de mer (A. hastata),Aphrodita hastata,157181,Aphrodita hastata,157181,,197,Species,,,,,Aphrodita hastata,5002
5003,Seaworm (L. filicornis),Polychète (L. filicornis),Laetmonice filicornis,129844,Laetmonice filicornis,129844,,330,Species,,,,,Laetmonice filicornis,5003
5007,Fifteen-Scaled Worm (Polynoidae),Polychète errante (Polynoidae),Polynoidae,939,Polynoidae,939,,393,Family,several kinds,,,"groupe complexe, besoin de famille",Polynoidae,5007
5009,Fifteen scales worm (A. mollis),Polychètes (A. mollis),Austrolaenilla mollis,130725,Austrolaenilla mollis,130725,,1,Species,,,,,Austrolaenilla mollis,5009
5045,Seaworm (E. nodosa),Polychète (E. nodosa),Eunoe nodosa,130745,Eunoe nodosa,130745,,14,Species,,,,,Eunoe nodosa,5045
5046,Fifteen-Scaled Worms (Harmothoe sp.),Polychètes errantes (Harmothoe sp.),Harmothoe sp.,129491,Polynoidae,939,,3,Family,,too difficult to identify to genus or species,change too often to record as genus,"groupe complexe, besoin de famille", , 
5053,Scaled worm (N. tetragona),Polychète (N. tetragona),Neoleanira tetragona,131069,Neoleanira tetragona,131069,,51,Species,,,,,Neoleanira tetragona,5053
5080,Blood Worm (G. capitata),Polychète errante (G. capitata),Glycera capitata,130118,Glycera capitata,130118,,1,Species,,,,,Glycera capitata,5080
5089,Seaworm (G. norvegica),Polychète (G. norvegica),Goniada norvegica,130141,Goniada norvegica,130141,,5,Species,,,,,Goniada norvegica,5089
5113,Red-Lined Worm (Nephtys sp.),Polychète errante (Nephtys sp.),Nephtys sp.,129370,Nephtyidae,956,,37,Family,,,,,Nephtyidae,5112
5225,Clam Worm (Nereididae),Polychète errante (Nereididae),Nereididae,22496,Nereididae,22496,,1,Family,several kinds,,needs taxonomic review,"groupe complexe, besoin de famille",Nereididae,5225
5232,clam worm (Nereis sp.,polychète (Nereis sp.,Nereis,129379,Nereididae,22496,,2,Family,several kinds,,needs taxonomic review,"groupe complexe, besoin de famille", , 
5236,Clam worm (N. pelagica),Polychète (N. pelagica),Nereis pelagica,130404,Nereis pelagica,130404,,5,Species,,,,,Nereis pelagica,5236
5264,Sea worm (P. crassa),Polychète (P. crassa),Polyphysia crassa,130977,Polyphysia crassa,130977,,52,Species,,,,,Polyphysia crassa,5264
5267,Seaworm (S. inflatum),Polychète (S. inflatum),Scalibregma inflatum,130980,Scalibregma inflatum,130980,,3,Species,,,,,Scalibregma inflatum,5267
5277,Bamboo Worm (Maldanidae),Polychète sédentaire (Maldanidae),Maldanidae,923,Maldanidae,923,,19,Family,several kinds,,needs taxonomic review, ,Maldanidae,5277
5309,Bamboo worm (M. sarsi),Polychètes (M. sarsi),Maldane sarsi,130305,Maldane sarsi,130305,,16,Species,,,,,Maldane sarsi,5309
5310,Bamboo worms (Nicomache sp.),Polychètes (Nicomache sp.),Nicomache sp,129357,Nicomache,129357,,1,Genus,,,,,Nicomache sp,5310
5461,Seaworm (E. borealis),Polychète (E. borealis),Euphrosine borealis,130081,Euphrosine borealis,130081,,19,Species,,,,,Euphrosine borealis,5461
5475,Seaworm (N. conchylega),Polychète (N. conchylega),Nothria conchylega,130467,Nothria conchylega,130467,,1,Species,,,,,Nothria conchylega,5475
5479,Seaworm (E. pennata),Polychète (E. pennata),Eunice pennata,130060,Eunice pennata,130060,,6,Species,,,,,Eunice pennata,5479
5617,Trumpet Worm (C. granulata),Ver-trompette (C. granulata),Cistenides granulata,238377,Pectinariidae,980,,5,Family,several kinds,,needs taxonomic review,"groupe complexe, besoin de famille",Pectinariidae,5617
5646,Seaworm (M. cristata),Polychète (M. cristata),Melinna cristata,129804,Melinna cristata,129804,,19,Species,,,,,Melinna cristata,5646
5673,Terebellid Worm (Terebellidae),Polychète sédentaire (Terebellidae),Terebellidae,982,Terebellidae,982,,4,Family,several kinds,,needs taxonomic review,,Terebellidae,5673
5675,Terebellid worm (A. cirrata),Polychète (A. cirrita),Amphitrite cirrata,131474,Amphitrite cirrata,131474,,2,Species,,,,,Amphitrite cirrata,5675
5678,Terebellid worm (A. maculata),Polychète (A. maculata),Axionice maculata,131484,Axionice maculata,131484,,1,Species,,,,,Axionice maculata,5678
5746,Flabelligerid Worm (Flabelligeridae),Polychète sédentaire (Flabelligeridae),Flabelligeridae,976,Flabelligeridae,976,,1,Family,several kinds,,,,Flabelligeridae,5746
5755,Flabelligerid worm (B. inhabilis),Polychète (B. inhabilis),Brada inhabilis,130097,Brada inhabilis,130097,,63,Species,,,,,Brada inhabilis,5755
5900,Sipunculids (Sipuncula),Sipunculides (Sipuncula),Sipuncula,1268,Sipuncula,1268,,130,Order,,,,,Sipuncula,5900
5901,Sipunculids (Golfingia sp.),Sipunculides (Golfingia sp.),Golfingia sp.,136021,Golfingia,136021,,1,Genus,,,,,Golfingia,5901
5902,Sipunculid (G. margaritacea),Sipunculide (G. margaritacea),Golfingia (golfingia) margaritacea,175027,Golfingia (Golfingia) margaritacea,175027,,40,Species,,,,,Golfingia (Golfingia) margaritacea,5902
5907,Hermit Sipunculid (P. strombus),Sipunculide (P. strombus),Phascolion (Phascolion) strombus strombus,410749,Phascolion (Phascolion) strombus strombus,410749,,35,Species,,,,,Phascolion (Phascolion) strombus strombus,5907
5934,Echiurid (H. arctica),Échiure (H. arctica),Hamingia arctica,110364,Hamingia arctica,110364,,19,Species,,,,,Hamingia arctica,5934
5935,Spoon Worm,Bonellie,Pseudobonellia iraidii,157605,Pseudobonellia iraidii,157605,,3,Species,,,,,Pseudobonellia iraidii,5935
5951,Sea Spiders (Pycnogonida),Araignées de mer (Pycnogonida),Pycnogonida,1302,Pycnogonida,1302,,36,Species,,,,,Pycnogonida,5951
5961,Sea Spiders (Nymphon sp.),Araignées de mer (Nymphon sp.),Nymphon sp.,134591,Nymphon,134591,,386,Genus,,,,,Nymphon,5961
5964,Sea spider (N. hirtipes),Araignée de mer (N. hirtipes),Nymphon hirtipes,134690,Nymphon hirtipes,134690,,5,Species,,,,,Nymphon hirtipes,5964
5975,Sea Spider (P. litorale),Araignée de mer (P. litorale),Pycnogonum litorale,239867,Pycnogonum litorale,239867,,1,Species,,,,,Pycnogonum litorale,5975
6580,Barnacles (Cirripedia),Balanes (Cirripedia),Cirripedia,1082,Cirripedia,1082,,1,Species,,likely Balanidae,,, ,6580
6592,Barnacle (Balanus sp.),Balane (Balanus sp.),Balanus sp.,106122,Balanus,106122,,4,Genus,,,,,Balanus,6592
6593,Turban Barnacle,Balane turbané,Chirona hameri,106207,Chirona hameri,106207,,58,Species,,,,,Chirona hameri,6593
6594,Barnacle (A. michelottianum),Balane (A. michelottianum),Arcoscalpellum michelottianum,106182,Arcoscalpellum michelottianum,106182,,67,Species,,,,,Arcoscalpellum michelottianum,6594
6595,Barnacles (Balanidae),Balanes (Balanidae),Balanidae,106057,Balanidae,106057,,64,Genus,,,,,Balanidae,6595
6597,Barnacle (B. balanus),Balane (B. balanus),Balanus balanus,106213,Balanus balanus,106213,,1,Species,,,,,Balanus balanus,6597
6620,Cumaceans (Cumacea),Cumacés (Cumacea),Cumacea,1137,Cumacea,1137,,1,Class,zooplankton,,,,Cumacea,6620
6683,Cumacean (Diastylis sp.),Cumacé (Diastylis sp.),Diastylis sp.,110398,Diastylis,110398,,1,Genus,zooplankton,,,,Diastylis,6683
6771,Isopod (A. psora),Isopode (A. psora),Aega psora,118827,Aega psora,118827,,168,Species,fish ectoparasite,,,,Aega psora,6771
6791,Isopod (S. infelix),Isopode (S. infelix),Syscenus infelix,156446,Syscenus infelix,156446,,916,Species,grenadier ectoparasite,,,,Syscenus infelix,6791
6930,Amphipods,Amphipodes,Amphipoda,1135,Amphipoda,1135,,24,Class,incertain,,,,Amphipoda,6930
6967,Hyperiid (Themisto sp.),Hypéride (Themisto sp.),Themisto sp.,101800,Themisto,101800,,6,Genus,zooplankton,,,,Themisto,6967
6970,Hyperiid (T. compressa),Hypéride (T. compressa),Themisto compressa,156451,Themisto compressa,156451,,4,Species,zooplankton,,,,Themisto compressa,6970
6972,Hyperiid (T. libellula),Hypéride (T. libellula),Themisto libellula,156452,Themisto libellula,156452,,219,Species,zooplankton,,,,Themisto libellula,6972
6977,Hyperiid (H. galba),Hypéride (H. galba),Hyperia galba,103251,Hyperia galba,103251,,58,Species,zooplankton on medusae,,,,Hyperia galba,6977
6996,Amphipod (Ampelisca sp.),Gammaride (Ampelisca sp.),Ampelisca sp.,101445,Ampelisca,101445,,10,Genus,,,,,Ampelisca,6996
6999,Amphipod (A. eschrichtii),Gammaride (A. eschrichtii),Ampelisca eschrichtii,101897,Ampelisca eschrichtii,101897,,3,Species,,,,,Ampelisca eschrichtii,6999
7193,Gammarid (Eusiridae),Gammaride (Eusiridae),Eusiridae,101380,Eusiridae,101380,,2,Family,Eusirus or Rhachtropis,,,,Eusiridae,7193
7195,Gammarid (E. cuspidatus),Gammaride (E.cuspidatus),Eusirus cuspidatus,102199,Eusirus cuspidatus,102199,,88,Species,,,,,Eusirus cuspidatus,7195
7211,Gammarid (R. aculeata),Gammaride (R. aculeata),Rhachotropis aculeata,102224,Rhachotropis aculeata,102224,,280,Species,,,,,Rhachotropis aculeata,7211
7234,Gammarid (H. abyssi),Gammaride (H. abyssi),Halice abyssi,102939,Halice abyssi,102939,,1,Species,,,,,Halice abyssi,7234
7268,Gammarid (M. dentata),Gammaride (M. dentata),Megamoera dentata,423508,Megamoera dentata,423508,,8,Species,,,,,Megamoera dentata,7268
7279,Gammarid (M. loveni),Gammaride (M. loveni),Maera loveni,102820,Maera loveni,102820,,3,Species,,,,,Maera loveni,7279
7357,Gammarid (Lysianassidae),Gammaride (Lysianassidae),Lysianassidae,101395,Lysianassidae,101395,,1,Genus,,,,incertain,Lysianassidae,7357
7383,Gammarid (E. loricata),Gammaride (E. loricata),Epimeria loricata,102146,Epimeria loricata,102146,,102,Species,,,,,Epimeria loricata,7383
7389,Gammarids (Anonyx sp.),Gammarides (Anonyx sp.),Anonyx sp.,101592,Anonyx,101592,,157,Genus,,,,,Anonyx,7389
7483,Gammarid (N. monstrosa),Gammaride (N. monstrosa),Neohela monstrosa,102108,Neohela monstrosa,102108,,51,Species,burrower,,,,Neohela monstrosa,7483
7511,Gammarid (Oedicerotidae),Gammaride (Oedicerotidae),Oedicerotidae,101400,Oedicerotidae,101400,,1,Family,several kinds,,,incertain,Oedicerotidae,7511
7539,Gammarid (P. lynceus),Gammaride (P. lynceus),Paroediceros lynceus,102911,Paroediceros lynceus,102911,,1,Species,,,,,Paroediceros lynceus,7539
7555,Gammarid (O.saginatus),Gammaride (O.saginatus),Oediceros saginatus,102908,Oediceros saginatus,102908,,1,Species,,,,,Oediceros saginatus,7555
7586,Gammarid (P. hystrix),Gammaride (P. hystrix),Paramphithoe hystrix,102152,Paramphithoe hystrix,102152,,97,Species,,,,,Paramphithoe hystrix,7586
7594,Gammarid (P. abyssi),Gammaride (P. abyssi),Pardalisca abyssi,102945,Pardalisca abyssi,102945,,6,Species,,,,,Pardalisca abyssi,7594
7691,Gammarid (W. torelli),Gammaride (W. torelli),Wimvadocus torelli,535546,Wimvadocus torelli,535546,,5,Species,,,,,Wimvadocus torelli,7691
7750,Gammarid (S. inflatus),Gammaride (S. inflatus),Stegocephalus inflatus,103105,Stegocephalus inflatus,103105,,233,Species,,,,,Stegocephalus inflatus,7750
7881,Skeleton Shrimp,Caprellidés,Caprellidae,101361,Caprellidae,101361,,1,Family,several kinds,,,incertain,Caprellidae,7881
7890,Caprellid (A. longicornis),Caprellide (A. longicornis),Aeginina longicornis,101820,Aeginina longicornis,101820,,2,Species,,,, ,Aeginina longicornis,7890
7933,Mysids (Boreomysis sp.),Mysidacés (Boreomysis sp.),Boreomysis sp.,119842,Boreomysis,119842,,1,Genus,zooplankton,,,présume B. arcticus est dominant,Boreomysis,7933
7967,Mysid (Mysis sp.),Mysidacé (Mysis sp.),Mysis sp.,119886,Mysis,119886,,1,Genus,zooplankton,,,zooplancton,Mysis,7967
7994,Horned Krill (M. norvegica),Euphauside (M. norvegica),Meganyctiphanes norvegica,110690,Meganyctiphanes norvegica,110690,,39,Species,,,,zooplancton,Meganyctiphanes norvegica,7994
8024,Scarlet Shrimp,Gambon écarlate,Aristaeopsis edwardsiana,240796,Aristaeopsis edwardsiana,240796,,3,Species,,,,photo et conserve,Aristaeopsis edwardsiana,8024
8027,Shrimp (G. elegans),Crevette (G. elegans),Gennadas elegans,107095,Gennadas,106813,,2,Genus,,,,G. elegans était présumé mais besoin de génétique,Gennadas,8026
8028,Shrimp (H. debilis),Crevette (H. debilis),Hymenopenaeus debilis,107117,Hymenopenaeus debilis,107117,,7,Species,,,,photo et conserve,Hymenopenaeus debilis,8028
8033,Shrimp (E. arcticus),Crevette (E. arcticus),Eusergestes arcticus,515738,Eusergestes arcticus,515738,,150,Species,,,,,Eusergestes arcticus,8033
8035,Scarlet Sergestid,Sergistidé écarlate,Sergia robusta,107136,Robustosergia robusta,1056517,,15,Species,,,,photo et conserve,Robustosergia robusta,8035
8037,Caridean Shrimps (Caridea),Crevettes (Caridea),Caridea,106674,Caridea,106674,,1,Infraorder,placeholder name,,should be Decapoda to cover all shrimps,"pour crevettes excluant Penaeoidea; peu utile, faut conserver en Decapoda",Caridea,8037
8039,Shrimp (Acanthephyra sp.),Crevette (Acanthephyra sp.),Acanthephyra sp.,107018,Acanthephyra,107018,,1,Genus,expect 1 species,,,incertain, , 
8040,Shrimp (A. pelagica),Crevette (A. pelagica),Acanthephyra pelagica,107581,Acanthephyra pelagica,107581,,10,Species,,,,,Acanthephyra pelagica,8040
8056,Crimson Pasiphaeid (P. tarda),Sivade (P. tarda),Pasiphaea tarda,107678,Pasiphaea tarda,107678,,10,Species,,,,photo et conserve,Pasiphaea tarda,8056
8057,Pink Glass Shrimp,"Sivade rose, Crevette blanche",Pasiphaea multidentata,107676,Pasiphaea multidentata,107676,,1658,Species,,,,,Pasiphaea multidentata,8057
8074,Eualid (Eualus sp.),Bouc (Eualus sp.),Eualus sp.,106986,Eualus,106986,,32,Genus,,,,,Eualus,8074
8075,Arctic Eualid (E. fabricii),Bouc Arctique (E. fabricii),Eualus fabricii,158357,Eualus fabricii,158357,,282,Species,,,,,Eualus fabricii,8075
8077,Greenland Shrimp (E. macilentus),Bouc du Groenland (E. macilentus),Eualus macilentus,158359,Eualus macilentus,158359,,417,Species,,,,,Eualus macilentus,8077
8079,Circumpolar Eualid (E.gaimardii),Bouc (E.gaimardii),Eualus gaimardii,107504,Eualus gaimardii,107504,,4,Species,,,,à ne plus servir de cette code pour ce nom, , 
8080,Circumpolar Eualid (E. gaimardii gaimardii),Bouc (E. gaimardii gaimardii),Eualus gaimardii gaimardii,515737,Eualus gaimardii gaimardii,515737,,138,subspecies,placeholder name,distinct from belcheri,subspecies was updated to species,pour continuer à utiliser cette code et nom,Eualus gaimardii gaimardii,8080
8081,Circumpolar Eualid (E. belcheri),Bouc (E. belcheri),Eualus belcheri,107502,Eualus belcheri,107502,,27,Species,,,,était affiché Eualus gaimardii belcheri avant,Eualus belcheri,8081
8084,Blade Shrimp (Spirontocaris sp.),Bouc (Spirontocaris sp.),Spirontocaris sp.,106994,Spirontocaris,106994,,77,Species,,,,,Spirontocaris,8084
8085,Parrot Shrimp (S. spinus),Bouc perroquet (S. spinus),Spirontocaris spinus,107533,Spirontocaris spinus,107533,,437,Species,,,,,Spirontocaris spinus,8085
8086,Punctate Blade Shrimp (S. phippsii),Bouc (S. phippsii),Spirontocaris phippsii,107532,Spirontocaris phippsii,107532,,38,Species,,,,,Spirontocaris phippsii,8086
8087,Friendly Blade Shrimp (S. lilljeborgii),Bouc épineux (S. lilljeborgii),Spirontocaris liljeborgii,107531,Spirontocaris liljeborgii,107531,,489,Species,,,,,Spirontocaris liljeborgii,8087
8091,Lebbeids (Lebbeus sp.),Boucs (Lebbeus sp.),Lebbeus sp.,106989,Lebbeus,106989,,12,Genus,,,,,Lebbeus,8091
8092,Spiny Lebbeid (L. groenlandicus),Bouc (L. groenlandicus),Lebbeus groenlandicus,107520,Lebbeus groenlandicus,107520,,193,Species,,,,,Lebbeus groenlandicus,8092
8093,Polar Lebbeid (L. polaris),Bouc (L. polaris),Lebbeus polaris,107521,Lebbeus polaris,107521,,848,Species,,,,,Lebbeus polaris,8093
8095,Shrimp (L. microceros),Bouc (L. microceros),Lebbeus microceros,158362,Lebbeus microceros,158362,,38,Species,,,,,Lebbeus microceros,8095
8108,Bristled Longbeak Shrimp (D. leptocerus),Crevette (D. leptocerus),Dichelopandalus leptocerus,158356,Dichelopandalus leptocerus,158356,,2,Species,expect 1 species,,,photo et conserve,Dichelopandalus leptocerus,8108
8110,Boreal Red Shrimp (Pandalus sp.),Crevette (Pandalus sp.),Pandalus sp.,107044,Pandalus,107044,,9,Genus,,,,,Pandalus,8110
8111,Northern Shrimp,Crevette nordique,Pandalus borealis,107649,Pandalus borealis,107649,,9252,Species,,,,,Pandalus borealis,8111
8112,"Striped Pink Shrimp, Aesop Shrimp",Crevette ésope,Pandalus montagui,107651,Pandalus montagui,107651,,1494,Species,,,,,Pandalus montagui,8112
8113,Shrimp (A. propinqvus),Crevette (A. propinqvus),Atlantopandalus propinqvus,158351,Atlantopandalus propinqvus,158351,,194,Species,,,,,Atlantopandalus propinqvus,8113
8114,Golden shrimp (P. martia),Crevette (P. martia),Plesionika martia,107661,Plesionika martia,107661,,5,Species,,,,photo et conserve,Plesionika martia,8114
8119,Scultured Shrimp (S. boreas),Crevette de roche (ciselée) (S. boreas),Sclerocrangon boreas,107568,Sclerocrangon boreas,107568,,240,Species,,,,,Sclerocrangon boreas,8119
8125,"Sand Shrimp, Sevenspine Bay Shrimp",Crevette sable,Crangon septemspinosa,158355,Crangon septemspinosa,158355,,3,Species,littoral species,,,erreur souvent pour Crangon, , 
8127,Shrimp (Sabinea sp.),Crevette (Sabinea sp.),Sabinea sp.,107012,Sabinea,107012,,6,Genus,,,,,Sabinea,8127
8128,Sevenline Shrimp (S. septemcarinata),Crevette (S. septemcarinata),Sabinea septemcarinata,107567,Sabinea septemcarinata,107567,,502,Species,,,,,Sabinea septemcarinata,8128
8129,Sars Shrimp (S. sarsii),Crevette (S. sarsii),Sabinea sarsii,107566,Sabinea sarsii,107566,,187,Species,,,,,Sabinea sarsii,8129
8135,Norwegian Shrimp (P. norvegicus),Crevette (P. norvegicus),Pontophilus norvegicus,107563,Pontophilus norvegicus,107563,,1163,Species,deepwater species,often confused for Sabinea and Crangon,,,Pontophilus norvegicus,8135
8138,Arctic Argid,Crevette verte,Argis dentata,107550,Argis dentata,107550,,677,Species,,,,,Argis dentata,8138
8154,American Lobster,Homard américain,Homarus americanus,156134,Homarus americanus,156134,,4,Species,,,,,Homarus americanus,8154
8164,Squat Lobster (M. curvirostra),Munidopsis curvirostra (M. curvirostra),Munidopsis curvirostra,107175,Munidopsis curvirostra,107175,,348,Species,deepwater species at limit in St. Lawrence,,,,Munidopsis curvirostra,8164
8173,Lobster Shrimp (C. templemani),Crevette fouisseuse (C. templemani),Calocaris templemani,158383,Calocaris templemani,158383,,45,Species,burrower,,,,Calocaris templemani,8173
8178,Hermit Crab (Pagurus sp.),Bernard hermite droitier (Pagurus sp.),Pagurus sp.,106854,Pagurus,106854,,297,Genus,3 species (2 recorded),,,,Pagurus,8178
8180,Hermit Crab (P. pubescens),Bernard hermite (P. pubescens),Pagurus pubescens,107240,Pagurus pubescens,107240,,4,Species,,,,,Pagurus pubescens,8180
8182,Hairy Hermit Crab,Bernard hermite chevelu,Pagurus arcuatus,158402,Pagurus arcuatus,158402,,14,Species,,,,,Pagurus arcuatus,8182
8196,Norway King Crab (L. maja),Crabe épineux du Nord (L. maja),Lithodes maja,107205,Lithodes maja,107205,,1045,Species,,,,,Lithodes maja,8196
8206,Common Rock Crab,Crabe commun,Cancer irroratus,158057,Cancer irroratus,158057,,7,Species,intertidal species,,,,Cancer irroratus,8206
8213,Snow Crab (C. opilio),Crabe des neiges  (C. opilio),Chionoecetes opilio,107315,Chionoecetes opilio,107315,,1841,Species,,,,,Chionoecetes opilio,8213
8216,Toad Crab (Hyas sp.),Crabe lyre (Hyas sp.),Hyas sp.,106903,Hyas,106903,,49,Genus,,,,,Hyas,8216
8217,Atlantic Lyre Crab  (H. araneus),Crabe lyre (araignée) (H. araneus),Hyas araneus,107322,Hyas araneus,107322,,326,Species,,,,,Hyas araneus,8217
8219,Arctic Lyre Crab  (H. alutaceus),Crabe lyre (arctique)(H. alutaceus),Hyas alutaceus,442166,Hyas alutaceus,442166,,708,Species,Hyas coarcatatus restriced to south of St. Lawrence,,was Hyas coarctatus alutaceus (recorded as Hyas coarctatus),,Hyas alutaceus,8219
8263,Feather star (H. glacialis),Lis de mer ( H. glacialis),Heliometra glacialis,124223,Heliometra glacialis,124223,,35,Species,,,,,Heliometra glacialis,8263
8290,Sea Cucumbers,Cocombres de mer,Holothuroidea,123083,Holothuroidea,123083,,21,Species,,,,incertain,Holothuroidea,8290
8293,Sea Cucumbers (Psolus sp.),Concombres de mer (Psolus sp.),Psolus sp.,146121,Psolus,146121,,2,Genus,,,,,Psolus,8293
8294,Sea Cucumber (P. Phantapus),Holothurie (P. phantapus),Psolus phantapus,124710,Psolus phantapus,124710,,67,Species,,,,,Psolus phantapus,8294
8295,Scarlet Psolus,Psolus écarlate,Psolus fabricii,124703,Psolus fabricii,124703,,12,Species,,,,,Psolus fabricii,8295
8312,Orange Footed Sea Cucumber (C. frondosa),Concombre de mer (C. frondosa),Cucumaria frondosa,124612,Cucumaria frondosa,124612,,91,Species,,,,,Cucumaria frondosa,8312
8316,Sea Cucumber (E. barthii),Concombre de mer (E. barthii),Ekmania barthii,124681,Ekmania barthii,124681,,1,Species,,,,,Ekmania barthii,8316
8319,Sea cucumber (P. calcigera),Cocombre de mer (P. calcigera),Pentamera calcigera,124655,Pentamera calcigera,124655,,1,Species,burrower,,,,Pentamera calcigera,8319
8322,Sea Cucumber (M. oolitica),Holothurie (M. oolitica),Molpadia oolitica,124802,Molpadia oolitica,124802,,27,Species,burrower,,,,Molpadia oolitica,8322
8363,Sea Urchins (Strongylocentrotus sp.),Oursins (Strongylocentrotus sp.),Strongylocentrotus sp.,123390,Strongylocentrotus,123390,,895,Species,,likely pallidus but difficult to discriminate from droebachiensis,,,Strongylocentrotus,8363
8373,Common Sand Dollar (E. parma),Dollar de sable (E. parma),Echinarachnius parma,158062,Echinarachnius parma,158062,,48,Species,,,,,Echinarachnius parma,8373
8378,Heart Urchin (B. fragilis),Oursin coeur (B. fragilis),Brisaster fragilis,124404,Brisaster fragilis,124404,,1308,Species,shallow burrower,,,,Brisaster fragilis,8378
8390,Sea Stars (Asteroidea),Étoiles de mer (Asteroidea),Asteroidea,123080,Asteroidea,123080,,61,Class,incertain,,,incertain,Asteroidea,8390
8396,Purple Seastar,Astérie boréale commune,Asterias rubens,123776,Asterias rubens,123776,,18,Species,,,,,Asterias rubens,8396
8407,Mud Star (C. crispatus),Étoile de mer (C. crispatus),Ctenodiscus crispatus,123915,Ctenodiscus crispatus,123915,,1747,Species,,,,,Ctenodiscus crispatus,8407
8408,Sea Star (D. multipes),Étoile de mer (D. multipes),Diplopteraster multipes,124128,Diplopteraster multipes,124128,,42,Species,,,,,Diplopteraster multipes,8408
8409,Sea stars (Pteraster sp.),Étoiles de mer (Pteraster sp.),Pteraster sp.,123335,Pteraster,123335,,7,Genus,,,,incertain,Pteraster,8409
8410,Sea Star (P. militaris),Étoile de mer (P. militaris),Pteraster militaris,124147,Pteraster militaris,124147,,261,Species,,,,,Pteraster militaris,8410
8411,Sea Star (P. pulvillus),Étoile de mer (P. pulvillus),Pteraster pulvillus,124151,Pteraster pulvillus,124151,,162,Species,,,,,Pteraster pulvillus,8411
8412,Sea Star (P. obscurus),Étoile de mer (P. obscurus),Pteraster obscurus,124149,Pteraster obscurus,124149,,12,Species,,,,,Pteraster obscurus,8412
8429,Sea Star (C. granularis),Étoile de mer (C. granularis),Ceramaster granularis,124020,Ceramaster granularis,124020,,318,Species,,,,,Ceramaster granularis,8429
8431,Sea Star (H. phrygiana),Étoile de mer (H. phrygiana),Hippasteria phrygiana,124043,Hippasteria phrygiana,124043,,671,Species,,,,,Hippasteria phrygiana,8431
8433,Sea Star (P. parelii),Étoile de mer (P. parelii),Pseudarchaster parelii,124085,Pseudarchaster parelii,124085,,202,Species,,,,,Pseudarchaster parelii,8433
8435,Sea star (Poraniomorpha sp.),Étoile de mer (Poraniomorpha sp.),Poraniomorpha sp.,123321,Poraniomorpha,123321,,114,Genus,"3 species (bidens, hispida, tumida)",,confused in name with borealis (other genus),"3 sp: bidens, hispida, tumida",Poraniomorpha,8435
8444,Sea star (L. furcifer),Étoile de mer (L. furcifer),Lophaster furcifer,124156,Lophaster furcifer,124156,,2,Species,,,,,Lophaster furcifer,8444
8445,Purple Sunstar,Soleil de mer pourpre,Solaster endeca,124160,Solaster endeca,124160,,109,Species,,,,"2e aux profondeurs, mais pas eu depuis des années",Solaster endeca,8445
8446,Sea star (T. mirabilis),Étoile de mer (T. mirabilis),Tremaster mirabilis,124002,Tremaster mirabilis,124002,,5,Species,,,,,Tremaster mirabilis,8446
8447,Spiny Sun Star,Soleil de mer épineux,Crossaster papposus,124154,Crossaster papposus,124154,,472,Species,,,,,Crossaster papposus,8447
8448,Sea star (N. americana),Étoile de mer (N. americana),Novodinia americana,178261,Novodinia americana,178261,,14,Species,,,,,Novodinia americana,8448
8483,Sea Stars (Henricia sp.),Étoiles de mer (Henricia sp.),Henricia sp.,123276,Henricia,123276,,979,Genus,,,,"complexe d'espèce, au genre seulement",Henricia,8483
8510,Sea Stars (Leptasterias sp.),Étoiles de mer (Leptasterias sp.),Leptasterias sp.,123222,Leptasterias,123222,,80,Genus,presume were groenlandica,,,présume est L. groenlandica, , 
8511,Polar Sea Star (L. polaris),Étoile de mer polaire (L. polaris),Leptasterias (Hexasterias) polaris,125154,Leptasterias (Hexasterias) polaris,125154,,148,Species,,,,pas besoin d'afficher le sous-genre,Leptasterias polaris,8511
8513,Greenland Sea Star,Étoile de mer du Groenland,Leptasterias groenlandica,369176,Leptasterias groenlandica,369176,,144,Species,,,,,Leptasterias groenlandica,8513
8515,Sea star (S. albula),Étoile de mer (S. albula),Stephanasterias albula,123808,Stephanasterias albula,123808,,51,Species,,,,,Stephanasterias albula,8515
8516,Sea Star (U. lincki),Étoile de mer (U. lincki),Urasterias lincki,123815,Urasterias lincki,123815,,5,Species,,,,,Urasterias lincki,8516
8520,Sea Star (P. andromeda),Étoile de mer (P. andromeda),Psilaster andromeda,123908,Psilaster andromeda,123908,,245,Species,,,,,Psilaster andromeda,8520
8521,Sea Star (L. arcticus),Stelléridé (L. arcticus),Leptychaster arcticus,123896,Leptychaster arcticus,123896,,72,Species,,,,,Leptychaster arcticus,8521
8530,Brittle Stars (Ophiuroidea),Ophiures (Ophiuroidea),Ophiuroidea,123084,Ophiuroidea,123084,,136,Class,incertain,,,incertain,Ophiuroidea,8530
8540,Basket Stars (Gorgonocephalus sp.),Gorgonocéphales (Gorgonocephalus sp.),Gorgonocephalus sp.,123586,Gorgonocephalus arcticus,124966,,397,Species,,,,, , 
8541,Northen Basket Star  (G. arcticus),Gorgonocéphale (G. arcticus),Gorgonocephalus arcticus,124966,Gorgonocephalus arcticus,124966,,96,Species,,,,,Gorgonocephalus arcticus,8541
8551,Brittle Stars (Ophiura sp.),Ophiures (Ophiura sp.),Ophiura sp.,123574,Ophiura,123574,,5,Genus,,,,incertain,Ophiura,8551
8552,Brittle Star (O. robusta),Ophiure (O. robusta),Ophiura robusta,124933,Ophiura robusta,124933,,32,Species,,,,,Ophiura robusta,8552
8553,Brittle Star (O. sarsii),Ophiure (O. sarsii),Ophiura sarsii,124934,Ophiura sarsii,124934,,812,Species,,,,,Ophiura sarsii,8553
8570,Brittle Star (S. nodosa),Ophiure (S. nodosa),Stegophiura nodosa,124943,Stegophiura nodosa,124943,,1,Species,,,,,Stegophiura nodosa,8570
8575,Brittle Star (O. bidentata),Ophiure épineuse,Ophiacantha bidentata,124978,Ophiacantha bidentata,124978,,357,Species,,,,,Ophiacantha bidentata,8575
8583,Daisy Brittle Star,Ophiure paquerette,Ophiopholis aculeata,125125,Ophiopholis aculeata,125125,,811,Species,,,,,Ophiopholis aculeata,8583
8585,Brittle star (O. glacialis),Ophiure (O. glacialis),Ophioscolex glacialis,125147,Ophioscolex glacialis,125147,,154,Species,,,,,Ophioscolex glacialis,8585
8593,Brittle star (Amphiura sp.),Ophiures (Amphiura sp.),Amphiura sp.,123613,Amphiura,123613,,79,Genus,,,,probablement sundevali,Amphiura,8593
8680,"Ascidians, Sessile Tunicates (Ascidiacea)","Ascidies, tuniqués sessiles (Ascidiacea)",Ascidiacea,1839,Ascidiacea,1839,,655,Class,incertain,,,incertain,Ascidiacea,8680
8742,Sea squirts (Ascidia sp.),Ascidie (Ascidia sp.),Ascidia sp.,103483,Ascidia,103483,,527,Genus,,,,incertain,Ascidia,8742
8757,Tunicate (C. finmarkiensis),Ascidie (C. finmarkiensis),Cnemidocarpa finmarkiensis,103870,Cnemidocarpa finmarkiensis,103870,,3,Species,,,,,Cnemidocarpa finmarkiensis,8757
8759,Blood Drop Sea Squirt,Ascidie goutte de sang,Dendrodoa carnea,103881,Dendrodoa carnea,103881,,1,Species,,,,,Dendrodoa carnea,8759
8760,Tunicate (Didemnum sp.),Ascidie (Didemnum sp.),Didemnum sp.,103456,Didemnum,103456,,1,Genus,,,,incertain,Didemnum,8760
8761,Tunicate (D. pulchella),Ascidie (D. pulchella),Dendrodoa pulchella,103885,Dendrodoa pulchella,103885,,6,Species,,,,,Dendrodoa pulchella,8761
8776,Tunicate (S. pulmonaria),Ascidie (S. pulmonaria),Synoicum pulmonaria,103692,Synoicum pulmonaria,103692,,14,Species,,,,,Synoicum pulmonaria,8776
8778,Tunicate (E. vitreum),Ascidie (E. vitreum),Eudistoma vitreum,103624,Eudistoma vitreum,103624,,172,Species,,,,,Eudistoma vitreum,8778
8781,Tunicate (P. corrugata),Ascidie (P. corrugata),Pelonaia corrugata,103894,Pelonaia corrugata,103894,,4,Species,,,,,Pelonaia corrugata,8781
8783,Tunicate (P. fibrosa),Ascidie (P. fibrosa),Polycarpa fibrosa,103902,Polycarpa fibrosa,103902,,40,Species,,,,,Polycarpa fibrosa,8783
8792,Sea Potato (B. ovifera),Patate de mer (B. ovifera),Boltenia ovifera,103815,Boltenia ovifera,103815,,282,Species,,,,,Boltenia ovifera,8792
8793,Cactus Sea Squirt (B. echinata),Cactus de mer (B. echinata),Boltenia echinata,103814,Boltenia echinata,103814,,36,Species,,,,,Boltenia echinata,8793
8797,Sea Peach,PÍche de mer,Halocynthia pyriformis,103828,Halocynthia pyriformis,103828,,22,Species,,,,,Halocynthia pyriformis,8797
8798,Tunicate (Botrylloides sp.),Ascidie (Botrylloides sp.),Botrylloides sp.,103528,Botrylloides aureus,1307332,,42,Species,,,,,Botrylloides aureus,8798
8800,Tunicates (Styela Sp.),Ascidies (Styela sp.),Styela sp.,103543,Styela,103543,,1,Genus,,,,incertain,Styela,8800
8801,Tunicate (S. rustica),Ascidie (S. rustica),Styela rustica,103937,Styela rustica,103937,,3,Species,,,,,Styela rustica,8801
8802,Tunicate (S. coriacea),Ascidie (S. coriacea),Styela coriacea,103930,Styela coriacea,103930,,1,Species,,,,,Styela coriacea,8802
8812,Sea Grapes (M. griffithsii),Ascidie (M. griffitsii),Molgula griffithsii,250885,Molgula griffithsii,250885,,1,Species,,,,,Molgula griffithsii,8812
9100,Red Algae,Algues rouges,Rhodophyta,852,Rhodophyta,852,,122,Division,likely for Ptiloteae,,,souvent Ptiloteae,Rhodophyta,9100
9200,Brown Algae (Phaeophyta),Algues brunes (Phaeophyta),Phaeophyta,829,Phaeophyceae,830,,167,Class,incertain,,,incertain si débris ou valide,Phaeophyceae,9200
9202,Brown Algae (Agarum sp.),Algues brunes (Agarum sp.),Agarum sp.,157205,Agarum clathratum,157207,,15,Species,expect 1 species,,,incertain si débris ou valide, , 
9203,Sea Colander,Laminaire criblée,Agarum clathratum,157207,Agarum clathratum,157207,,42,Species,,,,incertain si débris ou valide,Agarum clathratum,9203
9206,Brown Seaweed (C. crispus),Mousse d'Irlande (C. crispus),Chondrus crispus,145625,Ptiloteae,172527,,22,Tribe,common at shallow depths,not Chondrus crispus,former species Ptilota serrata is now a group in NW Atlantic,capture valide mais était mis en Chondrus en erreur avant,Ptiloteae,9162
9215,Brown Algae (Fucales),Algues brunes (Fucales),Fucales,844,Fucales,844,,84,Genus,likely coastal debris,,,débris du littoral,Fucales,9215
9218,Brown Algeas (Ascophyllum sp.),Algues brunes (Ascophyllum sp.),Ascophyllum sp.,144128,Ascophyllum,144128,,1,Genus,likely coastal debris,,,débris du littoral,Ascophyllum,9218
9220,Kelps (Laminaria sp.),Laminaires (Laminaria sp.),Laminaria sp.,144199,Laminaria,144199,,234,Genus,likely coastal debris,,,débris du littoral; probablement Laminariales,Laminaria,9220
9950,Whelk Eggs (Neptunea sp.),Oeufs de neptunées (Neptunea sp.),Oeufs de neptunées (Neptunea sp.), ,Neptunea despecta,491164,oeuf,0,,error - not recorded,,,est un erreur--confirmé en feuille et photo, , 
9965,,Capsule de raie lisse,Capsule de raie lisse, ,Malacoraja senta,158554,oeuf,237,,,placeholder name,,,Capsule de raie lisse,9965
9966,,Capsule de raie épineuse,Capsule de raie épineuse, ,Amblyraja radiata,105865,oeuf,216,,,placeholder name,,,Capsule de raie épineuse,9966
9967,,Capsule de raie à queue épineuse,Capsule de raie à queue épineuse, ,Bathyraja spinicauda,105868,oeuf,1,,1 dead case,placeholder name,,,Capsule de raie à queue épineuse,9967
9968,,Capsule de raie ronde,Capsule de raie ronde,  ,Rajella fyllae,105894,oeuf,2,,,placeholder name,,,Capsule de raie ronde,9968
9970,Skates Eggs,Capsule de raies,Capsule de raies, ,Rajidae,105711,oeuf,415,,,before separation of eggs by skate species,,,Capsule de raies,9970
9995,Trash,Déchets,Déchets,, , ,,3184,,"capture remains, not a taxon", ,,pour les restants dans les captures pas évalués,Déchets,9995
9999,Unknown,Inconnu,Inconnu,,Biota,1,,51,, ,placeholder name,,photo et conserve,Inconnu,9999
48,Basking shark,requin pélerin,Cetorhinus maximus,,Cetorhinus maximus,105837,,3,Species,in photos,,,selon photos,Cetorhinus maximus,48
859,Gelatinous seasnail,limace gélatineuse,Liparis fabricii,,Liparis fabricii,127218,,1,Species,Mecatina Trough,,,selon photos et spécimens mais Mécatina seulement,Liparis fabricii,859
722,Aurora pout,unernak aurore,Gymnelus retrodorsalis,,Gymnelus retrodorsalis,127095,,2,Species,likely underreported for Gymnelus viridis,in photos; dorsal fin and genetics,,selon photos et génétique,Gymnelus retrodorsalis,722
3010,Chevron ribbon worm,chevron amphiporus,Amphiporus angulatus,,Amphiporus angulatus,122645,,1,Species,in photos,,,selon photos,Amphiporus angulatus,3010
724,Eelblennies,lompénies,Lumpenidae,1517583,Lumpenidae,1517583,,,Family,incertain,,"now available, to replace Stichaeidae",pour remplacer Stichaeidae probablement,Lumpenidae,724
3964,Nudibranch (H. robusta),Nudibranche (H. robusta),Heterodoris robusta,,Heterodoris robusta,140101,,5,Species,"rare, largest nudibranch","in photos, confused in past with Doridoxa",,selon photos,Heterodoris robusta,3964
,,,,,Myctophinae,,,,subfamily,"usually Benthosem, some Myctophum",short and stout Myctophidae,,poissons lanternes trapus et moins de 10 cm,,
,,,,,Lampanyctinae,,,,subfamily,usually Notoscopelus kroyeri,long (>10 cm) Myctophidae,,poissons lanternes allongés et plus de 10 cm,,